Match_Id,Day,Team_Id,Toss_Won,Bat_First,Win_Percenetage,Opponent_Win_Percentage,Win_Percenetage_Against,Toss_Decision_Win_Percentage,Bat_Decision_Win_Percentage,Team1_Score,Team2_Score,Match_Won
335987,1,2,1,0,50.35971223,51.51515152,50,54.09836066,56.4516129,117.8711624,661.7802851,0
335987,1,1,0,1,51.51515152,50.35971223,50,44.92753623,43.5483871,661.7802851,117.8711624,1
335988,1,4,0,0,47.01492537,60.30534351,41.17647059,59.375,59.42028986,470.5147573,624.8821356,0
335988,1,3,1,1,60.30534351,47.01492537,58.82352941,63.63636364,58.44155844,624.8821356,470.5147573,1
335989,0,6,0,0,42.10526316,53.38983051,37.5,56.25,68.42105263,416.621145,53.22570444,0
335989,0,5,1,1,53.38983051,42.10526316,62.5,53.96825397,46.2962963,53.22570444,416.621145,1
335990,1,7,1,1,57.14285714,50.35971223,57.89473684,55.40540541,56.57894737,275.8263481,440.9469858,0
335990,1,2,0,0,50.35971223,57.14285714,42.10526316,45.90163934,56.4516129,440.9469858,275.8263481,1
335991,0,1,0,0,51.51515152,38.66666667,77.77777778,44.92753623,56.4516129,355.5954246,148.3587867,0
335991,0,8,1,1,38.66666667,51.51515152,22.22222222,44.18604651,41.86046512,148.3587867,355.5954246,1
335992,1,5,0,0,53.38983051,47.01492537,60,46.03174603,53.7037037,382.0040959,306.6785092,0
335992,1,4,1,1,47.01492537,53.38983051,40,40.625,40.57971014,306.6785092,382.0040959,1
335993,1,8,1,1,38.66666667,42.10526316,36.36363636,44.18604651,41.86046512,212.5286101,487.5696894,0
335993,1,6,0,0,42.10526316,38.66666667,63.63636364,56.25,68.42105263,487.5696894,212.5286101,1
335994,1,3,0,1,60.30534351,57.14285714,45.45454545,36.36363636,58.44155844,509.6985824,273.1897138,0
335994,1,7,1,0,57.14285714,60.30534351,54.54545455,55.40540541,43.42105263,273.1897138,509.6985824,1
335995,1,8,0,1,38.66666667,53.38983051,22.22222222,55.81395349,41.86046512,612.2975706,441.3976974,0
335995,1,5,1,0,53.38983051,38.66666667,77.77777778,53.96825397,53.7037037,441.3976974,612.2975706,1
335996,1,4,0,1,47.01492537,57.14285714,50,59.375,40.57971014,447.3164388,401.0107606,0
335996,1,7,1,0,57.14285714,47.01492537,50,55.40540541,43.42105263,401.0107606,447.3164388,1
335997,1,2,0,1,50.35971223,53.38983051,50,45.90163934,43.5483871,171.6623418,431.917003,0
335997,1,5,1,0,53.38983051,50.35971223,50,53.96825397,53.7037037,431.917003,171.6623418,1
335998,0,3,0,0,60.30534351,51.51515152,62.5,36.36363636,41.55844156,464.8479383,119.9606883,0
335998,0,1,1,1,51.51515152,60.30534351,37.5,55.07246377,43.5483871,119.9606883,464.8479383,1
335999,1,7,0,1,57.14285714,38.66666667,60,44.59459459,56.57894737,67.57651651,566.8365414,0
335999,1,8,1,0,38.66666667,57.14285714,40,44.18604651,58.13953488,566.8365414,67.57651651,1
336000,0,4,0,0,47.01492537,42.10526316,55.55555556,59.375,59.42028986,401.7082755,262.8936596,0
336000,0,6,1,1,42.10526316,47.01492537,44.44444444,43.75,31.57894737,262.8936596,401.7082755,1
336001,1,2,0,0,50.35971223,60.30534351,36.84210526,45.90163934,56.4516129,350.9954645,556.4363584,0
336001,1,3,1,1,60.30534351,50.35971223,63.15789474,63.63636364,58.44155844,556.4363584,350.9954645,1
336002,1,1,1,1,51.51515152,57.14285714,27.77777778,55.07246377,43.5483871,200.6458648,347.7602385,0
336002,1,7,0,0,57.14285714,51.51515152,72.22222222,44.59459459,43.42105263,347.7602385,200.6458648,1
336003,1,6,0,1,42.10526316,50.35971223,35.29411765,56.25,31.57894737,477.6944809,381.1167066,0
336003,1,2,1,0,50.35971223,42.10526316,64.70588235,54.09836066,56.4516129,381.1167066,477.6944809,1
336004,1,8,0,1,38.66666667,47.01492537,30,55.81395349,41.86046512,327.9413639,513.7563226,0
336004,1,4,1,0,47.01492537,38.66666667,70,40.625,59.42028986,513.7563226,327.9413639,1
336005,0,5,1,1,53.38983051,51.51515152,60,53.96825397,46.2962963,502.9783246,334.332474,0
336005,0,1,0,0,51.51515152,53.38983051,40,44.92753623,56.4516129,334.332474,502.9783246,1
336006,1,3,1,1,60.30534351,42.10526316,68.75,63.63636364,58.44155844,272.4145352,430.1384605,0
336006,1,6,0,0,42.10526316,60.30534351,31.25,56.25,68.42105263,430.1384605,272.4145352,1
336007,1,8,1,1,38.66666667,50.35971223,54.54545455,44.18604651,41.86046512,266.6794651,443.3996163,0
336007,1,2,0,0,50.35971223,38.66666667,45.45454545,45.90163934,56.4516129,443.3996163,266.6794651,1
336008,1,4,1,1,47.01492537,51.51515152,31.57894737,40.625,40.57971014,333.4374287,389.4580294,0
336008,1,1,0,0,51.51515152,47.01492537,68.42105263,44.92753623,56.4516129,389.4580294,333.4374287,1
336009,1,7,0,1,57.14285714,42.10526316,50,44.59459459,56.57894737,401.3132685,313.8541008,0
336009,1,6,1,0,42.10526316,57.14285714,50,43.75,68.42105263,313.8541008,401.3132685,1
336010,0,5,0,0,53.38983051,60.30534351,35.29411765,46.03174603,53.7037037,415.0445808,79.04506548,0
336010,0,3,1,1,60.30534351,53.38983051,64.70588235,63.63636364,58.44155844,79.04506548,415.0445808,1
336011,1,2,0,1,50.35971223,47.01492537,44.44444444,45.90163934,43.5483871,200.5357632,393.1029914,0
336011,1,4,1,0,47.01492537,50.35971223,55.55555556,40.625,59.42028986,393.1029914,200.5357632,1
336012,1,3,0,1,60.30534351,38.66666667,60,36.36363636,58.44155844,179.7697403,465.3364668,0
336012,1,8,1,0,38.66666667,60.30534351,40,44.18604651,58.13953488,465.3364668,179.7697403,1
336013,1,7,1,0,57.14285714,53.38983051,62.5,55.40540541,43.42105263,374.2382348,152.5314195,0
336013,1,5,0,1,53.38983051,57.14285714,37.5,46.03174603,46.2962963,152.5314195,374.2382348,1
336014,1,6,0,1,42.10526316,60.30534351,31.25,56.25,31.57894737,468.6362514,333.695159,0
336014,1,3,1,0,60.30534351,42.10526316,68.75,63.63636364,41.55844156,333.695159,468.6362514,1
336015,0,1,1,1,51.51515152,50.35971223,50,55.07246377,43.5483871,279.2394026,316.3495193,0
336015,0,2,0,0,50.35971223,51.51515152,50,45.90163934,56.4516129,316.3495193,279.2394026,1
336016,1,5,1,0,53.38983051,38.66666667,77.77777778,53.96825397,53.7037037,432.7937193,231.0052053,0
336016,1,8,0,1,38.66666667,53.38983051,22.22222222,55.81395349,41.86046512,231.0052053,432.7937193,1
336017,1,2,0,1,50.35971223,57.14285714,42.10526316,45.90163934,43.5483871,57.01322278,399.7220017,0
336017,1,7,1,0,57.14285714,50.35971223,57.89473684,55.40540541,43.42105263,399.7220017,57.01322278,1
336018,1,3,0,1,60.30534351,47.01492537,58.82352941,36.36363636,58.44155844,587.1265577,339.8926476,0
336018,1,4,1,0,47.01492537,60.30534351,41.17647059,40.625,59.42028986,339.8926476,587.1265577,1
336019,1,8,0,0,38.66666667,51.51515152,22.22222222,55.81395349,58.13953488,326.4350692,503.6414736,0
336019,1,1,1,1,51.51515152,38.66666667,77.77777778,55.07246377,43.5483871,503.6414736,326.4350692,1
336020,0,5,1,0,53.38983051,42.10526316,62.5,53.96825397,53.7037037,408.1362075,337.1553385,0
336020,0,6,0,1,42.10526316,53.38983051,37.5,56.25,31.57894737,337.1553385,408.1362075,1
336021,1,4,0,0,47.01492537,50.35971223,55.55555556,59.375,59.42028986,389.5754842,153.5357994,0
336021,1,2,1,1,50.35971223,47.01492537,44.44444444,54.09836066,43.5483871,153.5357994,389.5754842,1
336022,1,1,1,1,51.51515152,42.10526316,58.82352941,55.07246377,43.5483871,366.9292792,231.5622695,0
336022,1,6,0,0,42.10526316,51.51515152,41.17647059,56.25,68.42105263,231.5622695,366.9292792,1
336023,1,7,1,0,57.14285714,60.30534351,54.54545455,55.40540541,43.42105263,500.4962496,196.759889,0
336023,1,3,0,1,60.30534351,57.14285714,45.45454545,36.36363636,58.44155844,196.759889,500.4962496,1
336024,1,4,0,1,47.01492537,53.38983051,40,59.375,40.57971014,637.0602332,359.749566,0
336024,1,5,1,0,53.38983051,47.01492537,60,53.96825397,53.7037037,359.749566,637.0602332,1
336025,1,6,0,1,42.10526316,38.66666667,63.63636364,56.25,31.57894737,619.8796707,331.2312639,0
336025,1,8,1,0,38.66666667,42.10526316,36.36363636,44.18604651,58.13953488,331.2312639,619.8796707,1
336026,1,7,1,0,57.14285714,51.51515152,72.22222222,55.40540541,43.42105263,438.1644648,61.72705235,0
336026,1,1,0,1,51.51515152,57.14285714,27.77777778,44.92753623,43.5483871,61.72705235,438.1644648,1
336027,1,6,1,1,42.10526316,47.01492537,44.44444444,43.75,31.57894737,273.8245879,299.5953932,0
336027,1,4,0,0,47.01492537,42.10526316,55.55555556,59.375,59.42028986,299.5953932,273.8245879,1
336028,0,5,0,1,53.38983051,50.35971223,43.75,46.03174603,46.2962963,524.4763241,186.7184563,0
336028,0,2,1,0,50.35971223,53.38983051,56.25,54.09836066,56.4516129,186.7184563,524.4763241,1
336029,1,8,1,0,38.66666667,57.14285714,40,44.18604651,58.13953488,322.9571225,337.2539842,0
336029,1,7,0,1,57.14285714,38.66666667,60,44.59459459,56.57894737,337.2539842,322.9571225,1
336030,0,1,1,1,51.51515152,60.30534351,37.5,55.07246377,43.5483871,163.0372707,219.5519918,0
336030,0,3,0,0,60.30534351,51.51515152,62.5,36.36363636,41.55844156,219.5519918,163.0372707,1
336031,1,2,0,1,50.35971223,42.10526316,58.82352941,45.90163934,43.5483871,339.4355409,438.8047931,0
336031,1,6,1,0,42.10526316,50.35971223,41.17647059,43.75,68.42105263,438.8047931,339.4355409,1
336032,1,1,0,1,51.51515152,53.38983051,40,44.92753623,43.5483871,246.2728199,398.7891566,0
336032,1,5,1,0,53.38983051,51.51515152,60,53.96825397,53.7037037,398.7891566,246.2728199,1
336033,1,7,1,0,57.14285714,47.01492537,50,55.40540541,43.42105263,287.0253346,549.8705253,0
336033,1,4,0,1,47.01492537,57.14285714,50,59.375,40.57971014,549.8705253,287.0253346,1
336034,0,3,0,0,60.30534351,50.35971223,63.15789474,36.36363636,41.55844156,345.8982241,316.1083278,0
336034,0,2,1,1,50.35971223,60.30534351,36.84210526,54.09836066,43.5483871,316.1083278,345.8982241,1
336036,1,4,1,0,47.01492537,38.66666667,70,40.625,59.42028986,351.7664512,399.1952856,0
336036,1,8,0,1,38.66666667,47.01492537,30,55.81395349,41.86046512,399.1952856,351.7664512,1
336037,1,6,1,0,42.10526316,57.14285714,50,43.75,68.42105263,565.9874735,320.1504653,0
336037,1,7,0,1,57.14285714,42.10526316,50,44.59459459,56.57894737,320.1504653,565.9874735,1
336038,0,3,0,0,60.30534351,53.38983051,64.70588235,36.36363636,41.55844156,406.508371,546.4721606,0
336038,0,5,1,1,53.38983051,60.30534351,35.29411765,53.96825397,46.2962963,546.4721606,406.508371,1
336039,1,2,0,1,50.35971223,38.66666667,45.45454545,45.90163934,43.5483871,308.3208608,383.7510336,0
336039,1,8,1,0,38.66666667,50.35971223,54.54545455,44.18604651,58.13953488,383.7510336,308.3208608,1
336040,1,1,0,0,51.51515152,47.01492537,68.42105263,44.92753623,56.4516129,416.3457946,416.2794888,0
336040,1,4,1,1,47.01492537,51.51515152,31.57894737,40.625,40.57971014,416.2794888,416.3457946,1
336041,1,5,1,0,53.38983051,57.14285714,37.5,53.96825397,53.7037037,328.3478237,314.9355776,0
336041,1,7,0,1,57.14285714,53.38983051,62.5,44.59459459,56.57894737,314.9355776,328.3478237,1
336042,1,8,1,1,38.66666667,60.30534351,40,44.18604651,41.86046512,201.1131364,408.4222306,0
336042,1,3,0,0,60.30534351,38.66666667,60,36.36363636,41.55844156,408.4222306,201.1131364,1
336043,1,6,1,0,42.10526316,53.38983051,37.5,43.75,68.42105263,322.6560219,578.8216383,0
336043,1,5,0,1,53.38983051,42.10526316,62.5,46.03174603,46.2962963,578.8216383,322.6560219,1
336044,1,3,0,0,60.30534351,47.01492537,58.82352941,36.36363636,41.55844156,425.3686473,80.42671197,0
336044,1,4,1,1,47.01492537,60.30534351,41.17647059,40.625,40.57971014,80.42671197,425.3686473,1
336045,1,3,0,1,60.30534351,53.38983051,64.70588235,36.36363636,58.44155844,443.2537951,262.6457941,0
336045,1,5,1,0,53.38983051,60.30534351,35.29411765,53.96825397,53.7037037,262.6457941,443.2537951,1
392186,1,3,1,0,60.30534351,57.14285714,45.45454545,63.63636364,41.55844156,304.6375915,416.714834,0
392186,1,7,0,1,57.14285714,60.30534351,54.54545455,44.59459459,56.57894737,416.714834,304.6375915,1
392187,0,2,1,1,50.35971223,53.38983051,50,54.09836066,43.5483871,386.7210463,204.603038,0
392187,0,5,0,0,53.38983051,50.35971223,50,46.03174603,53.7037037,204.603038,386.7210463,1
392188,1,6,1,0,42.10526316,47.01492537,44.44444444,43.75,68.42105263,362.7974989,98.49594987,0
392188,1,4,0,1,47.01492537,42.10526316,55.55555556,59.375,40.57971014,98.49594987,362.7974989,1
392189,0,8,0,0,38.66666667,51.51515152,22.22222222,55.81395349,58.13953488,482.4889643,104.7409415,0
392189,0,1,1,1,51.51515152,38.66666667,77.77777778,55.07246377,43.5483871,104.7409415,482.4889643,1
392190,1,2,0,0,50.35971223,60.30534351,36.84210526,45.90163934,56.4516129,120.7809333,569.5109816,0
392190,1,3,1,1,60.30534351,50.35971223,63.15789474,63.63636364,58.44155844,569.5109816,120.7809333,1
392191,1,4,0,1,47.01492537,51.51515152,31.57894737,59.375,40.57971014,183.8848667,222.9447454,0
392191,1,1,1,0,51.51515152,47.01492537,68.42105263,55.07246377,56.4516129,222.9447454,183.8848667,1
392193,1,2,0,0,50.35971223,38.66666667,45.45454545,45.90163934,56.4516129,280.3343098,540.6010936,0
392193,1,8,1,1,38.66666667,50.35971223,54.54545455,44.18604651,41.86046512,540.6010936,280.3343098,1
392194,1,3,0,0,60.30534351,42.10526316,68.75,36.36363636,41.55844156,426.1906935,635.5456904,0
392194,1,6,1,1,42.10526316,60.30534351,31.25,43.75,31.57894737,635.5456904,426.1906935,1
392195,0,1,1,0,51.51515152,53.38983051,40,55.07246377,56.4516129,339.474349,569.8339241,0
392195,0,5,0,1,53.38983051,51.51515152,60,46.03174603,46.2962963,569.8339241,339.474349,1
392196,1,2,1,1,50.35971223,47.01492537,44.44444444,54.09836066,43.5483871,238.3816471,526.4829527,0
392196,1,4,0,0,47.01492537,50.35971223,55.55555556,59.375,59.42028986,526.4829527,238.3816471,1
392197,1,8,1,1,38.66666667,57.14285714,40,44.18604651,41.86046512,377.3254747,352.659638,0
392197,1,7,0,0,57.14285714,38.66666667,60,44.59459459,43.42105263,352.659638,377.3254747,1
392199,1,2,1,1,50.35971223,42.10526316,58.82352941,54.09836066,43.5483871,230.2238786,392.514545,0
392199,1,6,0,0,42.10526316,50.35971223,41.17647059,56.25,68.42105263,392.514545,230.2238786,1
392200,0,4,1,1,47.01492537,53.38983051,40,40.625,40.57971014,328.4176782,245.4345824,0
392200,0,5,0,0,53.38983051,47.01492537,60,46.03174603,53.7037037,245.4345824,328.4176782,1
392201,1,3,0,1,60.30534351,38.66666667,60,36.36363636,58.44155844,168.5931939,358.8774664,0
392201,1,8,1,0,38.66666667,60.30534351,40,44.18604651,58.13953488,358.8774664,168.5931939,1
392202,0,1,0,0,51.51515152,57.14285714,27.77777778,44.92753623,56.4516129,144.1034502,465.6939108,0
392202,0,7,1,1,57.14285714,51.51515152,72.22222222,55.40540541,56.57894737,465.6939108,144.1034502,1
392203,1,6,1,1,42.10526316,53.38983051,37.5,43.75,31.57894737,291.7975485,400.6493098,0
392203,1,5,0,0,53.38983051,42.10526316,62.5,46.03174603,53.7037037,400.6493098,291.7975485,1
392204,1,2,0,0,50.35971223,51.51515152,50,45.90163934,56.4516129,310.1293651,202.8182857,0
392204,1,1,1,1,51.51515152,50.35971223,50,55.07246377,43.5483871,202.8182857,310.1293651,1
392205,0,4,1,1,47.01492537,57.14285714,50,40.625,40.57971014,261.1935075,285.0638464,0
392205,0,7,0,0,57.14285714,47.01492537,50,44.59459459,43.42105263,285.0638464,261.1935075,1
392206,1,8,0,1,38.66666667,42.10526316,36.36363636,55.81395349,41.86046512,229.5848023,441.8989036,0
392206,1,6,1,0,42.10526316,38.66666667,63.63636364,43.75,68.42105263,441.8989036,229.5848023,1
392207,0,3,0,1,60.30534351,53.38983051,64.70588235,36.36363636,58.44155844,555.3346188,190.5790128,0
392207,0,5,1,0,53.38983051,60.30534351,35.29411765,53.96825397,53.7037037,190.5790128,555.3346188,1
392208,1,1,0,0,51.51515152,57.14285714,27.77777778,44.92753623,56.4516129,269.6261897,291.9669808,0
392208,1,7,1,1,57.14285714,51.51515152,72.22222222,55.40540541,56.57894737,291.9669808,269.6261897,1
392209,0,2,1,1,50.35971223,47.01492537,44.44444444,54.09836066,43.5483871,341.1182159,379.2341892,0
392209,0,4,0,0,47.01492537,50.35971223,55.55555556,59.375,59.42028986,379.2341892,341.1182159,1
392210,1,8,1,1,38.66666667,53.38983051,22.22222222,44.18604651,41.86046512,300.7373829,212.058922,0
392210,1,5,0,0,53.38983051,38.66666667,77.77777778,46.03174603,53.7037037,212.058922,300.7373829,1
392211,0,3,0,1,60.30534351,42.10526316,68.75,36.36363636,58.44155844,401.395863,511.4388789,0
392211,0,6,1,0,42.10526316,60.30534351,31.25,43.75,68.42105263,511.4388789,401.395863,1
392212,1,4,0,0,47.01492537,51.51515152,31.57894737,59.375,59.42028986,256.3376626,317.598532,0
392212,1,1,1,1,51.51515152,47.01492537,68.42105263,55.07246377,43.5483871,317.598532,256.3376626,1
392213,0,2,0,0,50.35971223,57.14285714,42.10526316,45.90163934,56.4516129,344.9143746,140.7060132,0
392213,0,7,1,1,57.14285714,50.35971223,57.89473684,55.40540541,56.57894737,140.7060132,344.9143746,1
392214,1,3,1,1,60.30534351,38.66666667,60,63.63636364,58.44155844,537.5473425,140.313555,0
392214,1,8,0,0,38.66666667,60.30534351,40,55.81395349,58.13953488,140.313555,537.5473425,1
392215,1,4,1,0,47.01492537,53.38983051,40,40.625,59.42028986,188.980953,533.0845415,0
392215,1,5,0,1,53.38983051,47.01492537,60,46.03174603,46.2962963,533.0845415,188.980953,1
392216,0,6,0,0,42.10526316,51.51515152,41.17647059,56.25,68.42105263,283.8009173,199.1497948,0
392216,0,1,1,1,51.51515152,42.10526316,58.82352941,55.07246377,43.5483871,199.1497948,283.8009173,1
392217,1,8,1,1,38.66666667,57.14285714,40,44.18604651,41.86046512,216.334843,272.9443766,0
392217,1,7,0,0,57.14285714,38.66666667,60,44.59459459,43.42105263,272.9443766,216.334843,1
392218,1,2,0,1,50.35971223,53.38983051,50,45.90163934,43.5483871,111.1733216,435.2227848,0
392218,1,5,1,0,53.38983051,50.35971223,50,53.96825397,53.7037037,435.2227848,111.1733216,1
392219,0,3,1,1,60.30534351,47.01492537,58.82352941,63.63636364,58.44155844,410.0174861,414.7597702,0
392219,0,4,0,0,47.01492537,60.30534351,41.17647059,59.375,59.42028986,414.7597702,410.0174861,1
392220,1,6,0,0,42.10526316,57.14285714,50,56.25,68.42105263,481.6257098,78.68243092,0
392220,1,7,1,1,57.14285714,42.10526316,50,55.40540541,56.57894737,78.68243092,481.6257098,1
392221,1,8,0,1,38.66666667,47.01492537,30,55.81395349,41.86046512,346.0145182,290.284764,0
392221,1,4,1,0,47.01492537,38.66666667,70,40.625,59.42028986,290.284764,346.0145182,1
392222,0,3,0,0,60.30534351,53.38983051,64.70588235,36.36363636,41.55844156,338.4966963,135.8785074,0
392222,0,5,1,1,53.38983051,60.30534351,35.29411765,53.96825397,46.2962963,135.8785074,338.4966963,1
392223,1,2,0,0,50.35971223,57.14285714,42.10526316,45.90163934,56.4516129,158.900861,412.9666221,0
392223,1,7,1,1,57.14285714,50.35971223,57.89473684,55.40540541,56.57894737,412.9666221,158.900861,1
392224,0,6,1,0,42.10526316,51.51515152,41.17647059,43.75,68.42105263,361.3447007,88.91054087,0
392224,0,1,0,1,51.51515152,42.10526316,58.82352941,44.92753623,43.5483871,88.91054087,361.3447007,1
392225,1,8,1,1,38.66666667,53.38983051,22.22222222,44.18604651,41.86046512,402.0304774,199.4933557,0
392225,1,5,0,0,53.38983051,38.66666667,77.77777778,46.03174603,53.7037037,199.4933557,402.0304774,1
392226,1,2,1,0,50.35971223,51.51515152,50,54.09836066,56.4516129,426.7713808,358.2223992,0
392226,1,1,0,1,51.51515152,50.35971223,50,44.92753623,43.5483871,358.2223992,426.7713808,1
392227,0,4,1,1,47.01492537,57.14285714,50,40.625,40.57971014,112.1300289,249.4879911,0
392227,0,7,0,0,57.14285714,47.01492537,50,44.59459459,43.42105263,249.4879911,112.1300289,1
392228,1,8,1,0,38.66666667,42.10526316,36.36363636,44.18604651,58.13953488,445.8535566,525.0409793,0
392228,1,6,0,1,42.10526316,38.66666667,63.63636364,56.25,31.57894737,525.0409793,445.8535566,1
392229,1,2,0,0,50.35971223,60.30534351,36.84210526,45.90163934,56.4516129,390.993534,377.4435701,0
392229,1,3,1,1,60.30534351,50.35971223,63.15789474,63.63636364,58.44155844,377.4435701,390.993534,1
392230,0,7,0,0,57.14285714,53.38983051,62.5,44.59459459,43.42105263,327.3685294,432.1273666,0
392230,0,5,1,1,53.38983051,57.14285714,37.5,53.96825397,46.2962963,432.1273666,327.3685294,1
392231,1,6,0,1,42.10526316,47.01492537,44.44444444,56.25,31.57894737,185.9238987,369.7498915,0
392231,1,4,1,0,47.01492537,42.10526316,55.55555556,40.625,59.42028986,369.7498915,185.9238987,1
392232,1,3,0,0,60.30534351,57.14285714,45.45454545,36.36363636,41.55844156,268.1991489,227.339223,0
392232,1,7,1,1,57.14285714,60.30534351,54.54545455,55.40540541,56.57894737,227.339223,268.1991489,1
392233,0,8,1,0,38.66666667,51.51515152,22.22222222,44.18604651,58.13953488,342.6844815,291.6952822,0
392233,0,1,0,1,51.51515152,38.66666667,77.77777778,44.92753623,43.5483871,291.6952822,342.6844815,1
392234,1,8,1,0,38.66666667,47.01492537,30,44.18604651,58.13953488,262.6812435,291.780258,0
392234,1,4,0,1,47.01492537,38.66666667,70,59.375,40.57971014,291.780258,262.6812435,1
392235,0,6,1,1,42.10526316,53.38983051,37.5,43.75,31.57894737,488.9975789,96.82078043,0
392235,0,5,0,0,53.38983051,42.10526316,62.5,46.03174603,53.7037037,96.82078043,488.9975789,1
392236,1,3,1,1,60.30534351,51.51515152,62.5,63.63636364,58.44155844,311.0194187,407.2453631,0
392236,1,1,0,0,51.51515152,60.30534351,37.5,44.92753623,56.4516129,407.2453631,311.0194187,1
392237,1,2,0,0,50.35971223,42.10526316,58.82352941,45.90163934,56.4516129,389.1385317,138.013258,0
392237,1,6,1,1,42.10526316,50.35971223,41.17647059,43.75,31.57894737,138.013258,389.1385317,1
392238,1,1,1,0,51.51515152,53.38983051,40,55.07246377,56.4516129,298.0928598,222.943417,0
392238,1,5,0,1,53.38983051,51.51515152,60,46.03174603,46.2962963,222.943417,298.0928598,1
392239,0,3,1,1,60.30534351,47.01492537,58.82352941,63.63636364,58.44155844,238.5468374,277.1666027,0
392239,0,4,0,0,47.01492537,60.30534351,41.17647059,59.375,59.42028986,277.1666027,238.5468374,1
392240,1,6,1,0,42.10526316,57.14285714,50,43.75,68.42105263,407.3887829,341.1982446,0
392240,1,7,0,1,57.14285714,42.10526316,50,44.59459459,56.57894737,341.1982446,407.3887829,1
392241,0,2,1,1,50.35971223,38.66666667,45.45454545,54.09836066,43.5483871,501.1233943,309.0687114,0
392241,0,8,0,0,38.66666667,50.35971223,54.54545455,55.81395349,58.13953488,309.0687114,501.1233943,1
392242,1,6,0,1,42.10526316,38.66666667,63.63636364,56.25,31.57894737,246.0800103,537.2270653,0
392242,1,8,1,0,38.66666667,42.10526316,36.36363636,44.18604651,58.13953488,537.2270653,246.0800103,1
392243,1,2,1,0,50.35971223,60.30534351,36.84210526,54.09836066,56.4516129,320.7844559,234.2566168,0
392243,1,3,0,1,60.30534351,50.35971223,63.15789474,36.36363636,58.44155844,234.2566168,320.7844559,1
392244,1,2,1,0,50.35971223,38.66666667,45.45454545,54.09836066,56.4516129,315.9506778,378.1472294,0
392244,1,8,0,1,38.66666667,50.35971223,54.54545455,55.81395349,41.86046512,378.1472294,315.9506778,1
419111,1,8,1,0,38.66666667,51.51515152,22.22222222,44.18604651,58.13953488,268.2452147,341.4994009,0
419111,1,1,0,1,51.51515152,38.66666667,77.77777778,44.92753623,43.5483871,341.4994009,268.2452147,1
419112,1,7,1,1,57.14285714,53.38983051,62.5,55.40540541,56.57894737,467.0470009,586.0787918,0
419112,1,5,0,0,53.38983051,57.14285714,37.5,46.03174603,53.7037037,586.0787918,467.0470009,1
419113,0,4,0,1,47.01492537,42.10526316,55.55555556,59.375,40.57971014,279.0803654,430.78543,0
419113,0,6,1,0,42.10526316,47.01492537,44.44444444,43.75,68.42105263,430.78543,279.0803654,1
419114,1,1,1,0,51.51515152,50.35971223,50,55.07246377,56.4516129,434.131798,229.7484745,0
419114,1,2,0,1,50.35971223,51.51515152,50,45.90163934,43.5483871,229.7484745,434.131798,1
419115,0,3,0,0,60.30534351,38.66666667,60,36.36363636,41.55844156,263.4380174,491.4833321,0
419115,0,8,1,1,38.66666667,60.30534351,40,44.18604651,41.86046512,491.4833321,263.4380174,1
419116,1,5,0,1,53.38983051,42.10526316,62.5,46.03174603,46.2962963,263.7311994,393.4194656,0
419116,1,6,1,0,42.10526316,53.38983051,37.5,43.75,68.42105263,393.4194656,263.7311994,1
419117,1,2,0,0,50.35971223,47.01492537,44.44444444,45.90163934,56.4516129,461.9559957,391.1809798,0
419117,1,4,1,1,47.01492537,50.35971223,55.55555556,40.625,40.57971014,391.1809798,461.9559957,1
419118,0,1,0,0,51.51515152,60.30534351,37.5,44.92753623,56.4516129,81.20109991,565.7851998,0
419118,0,3,1,1,60.30534351,51.51515152,62.5,63.63636364,58.44155844,565.7851998,81.20109991,1
419119,1,6,1,0,42.10526316,57.14285714,50,43.75,68.42105263,308.446505,543.3699288,0
419119,1,7,0,1,57.14285714,42.10526316,50,44.59459459,56.57894737,543.3699288,308.446505,1
419120,1,2,1,0,50.35971223,53.38983051,50,54.09836066,56.4516129,433.4402634,48.89666735,0
419120,1,5,0,1,53.38983051,50.35971223,50,46.03174603,46.2962963,48.89666735,433.4402634,1
419121,1,6,1,1,42.10526316,60.30534351,31.25,43.75,31.57894737,352.2586157,476.2268612,0
419121,1,3,0,0,60.30534351,42.10526316,68.75,36.36363636,41.55844156,476.2268612,352.2586157,1
419122,0,8,0,1,38.66666667,47.01492537,30,55.81395349,41.86046512,447.8699865,338.4013515,0
419122,0,4,1,0,47.01492537,38.66666667,70,40.625,59.42028986,338.4013515,447.8699865,1
419123,1,5,1,1,53.38983051,51.51515152,60,53.96825397,46.2962963,237.3162655,346.4591132,0
419123,1,1,0,0,51.51515152,53.38983051,40,44.92753623,56.4516129,346.4591132,237.3162655,1
419124,0,7,1,1,57.14285714,50.35971223,57.89473684,55.40540541,56.57894737,189.9275716,460.866487,0
419124,0,2,0,0,50.35971223,57.14285714,42.10526316,45.90163934,56.4516129,460.866487,189.9275716,1
419125,1,8,1,1,38.66666667,42.10526316,36.36363636,44.18604651,41.86046512,491.5263579,370.1009174,0
419125,1,6,0,0,42.10526316,38.66666667,63.63636364,56.25,68.42105263,370.1009174,491.5263579,1
419126,0,3,1,0,60.30534351,47.01492537,58.82352941,63.63636364,41.55844156,436.2794818,402.4234517,0
419126,0,4,0,1,47.01492537,60.30534351,41.17647059,59.375,40.57971014,402.4234517,436.2794818,1
419127,1,7,0,0,57.14285714,51.51515152,72.22222222,44.59459459,43.42105263,277.2312468,244.3794912,0
419127,1,1,1,1,51.51515152,57.14285714,27.77777778,55.07246377,43.5483871,244.3794912,277.2312468,1
419128,1,2,0,1,50.35971223,60.30534351,36.84210526,45.90163934,43.5483871,507.3571721,224.5920379,0
419128,1,3,1,0,60.30534351,50.35971223,63.15789474,63.63636364,41.55844156,224.5920379,507.3571721,1
419129,1,4,1,0,47.01492537,53.38983051,40,40.625,59.42028986,317.4414339,468.3598966,0
419129,1,5,0,1,53.38983051,47.01492537,60,46.03174603,46.2962963,468.3598966,317.4414339,1
419130,1,7,1,0,57.14285714,60.30534351,54.54545455,55.40540541,43.42105263,285.5684496,377.8870112,0
419130,1,3,0,1,60.30534351,57.14285714,45.45454545,36.36363636,58.44155844,377.8870112,285.5684496,1
419131,1,5,0,0,53.38983051,38.66666667,77.77777778,46.03174603,53.7037037,567.9830601,184.6199681,0
419131,1,8,1,1,38.66666667,53.38983051,22.22222222,44.18604651,41.86046512,184.6199681,567.9830601,1
419132,1,4,0,0,47.01492537,51.51515152,31.57894737,59.375,59.42028986,259.0303996,381.7113175,0
419132,1,1,1,1,51.51515152,47.01492537,68.42105263,55.07246377,43.5483871,381.7113175,259.0303996,1
419133,1,2,1,0,50.35971223,42.10526316,58.82352941,54.09836066,56.4516129,285.4198496,554.5457115,0
419133,1,6,0,1,42.10526316,50.35971223,41.17647059,56.25,31.57894737,554.5457115,285.4198496,1
419134,1,5,1,1,53.38983051,60.30534351,35.29411765,53.96825397,46.2962963,377.9537856,492.5386835,0
419134,1,3,0,0,60.30534351,53.38983051,64.70588235,36.36363636,41.55844156,492.5386835,377.9537856,1
419135,0,8,1,0,38.66666667,57.14285714,40,44.18604651,58.13953488,319.4461867,371.9513905,0
419135,0,7,0,1,57.14285714,38.66666667,60,44.59459459,56.57894737,371.9513905,319.4461867,1
419136,1,6,1,1,42.10526316,51.51515152,41.17647059,43.75,31.57894737,558.9170827,159.5761839,0
419136,1,1,0,0,51.51515152,42.10526316,58.82352941,44.92753623,56.4516129,159.5761839,558.9170827,1
419137,1,7,1,0,57.14285714,47.01492537,50,55.40540541,43.42105263,498.0443313,239.3014684,0
419137,1,4,0,1,47.01492537,57.14285714,50,59.375,40.57971014,239.3014684,498.0443313,1
419138,1,3,0,0,60.30534351,50.35971223,63.15789474,36.36363636,41.55844156,363.486626,335.3445979,0
419138,1,2,1,1,50.35971223,60.30534351,36.84210526,54.09836066,43.5483871,335.3445979,363.486626,1
419139,0,6,1,1,42.10526316,53.38983051,37.5,43.75,31.57894737,595.7648503,284.2248832,0
419139,0,5,0,0,53.38983051,42.10526316,62.5,46.03174603,53.7037037,284.2248832,595.7648503,1
419140,1,1,1,1,51.51515152,38.66666667,77.77777778,55.07246377,43.5483871,355.4913456,362.1401438,0
419140,1,8,0,0,38.66666667,51.51515152,22.22222222,55.81395349,58.13953488,362.1401438,355.4913456,1
419141,1,4,1,1,47.01492537,50.35971223,55.55555556,40.625,40.57971014,355.8318481,431.1298152,0
419141,1,2,0,0,50.35971223,47.01492537,44.44444444,45.90163934,56.4516129,431.1298152,355.8318481,1
419142,1,3,1,1,60.30534351,53.38983051,64.70588235,63.63636364,58.44155844,688.4382151,565.7683174,0
419142,1,5,0,0,53.38983051,60.30534351,35.29411765,46.03174603,53.7037037,565.7683174,688.4382151,1
419143,0,7,1,1,57.14285714,38.66666667,60,55.40540541,56.57894737,499.1125738,219.6688003,0
419143,0,8,0,0,38.66666667,57.14285714,40,55.81395349,58.13953488,219.6688003,499.1125738,1
419144,1,1,1,1,51.51515152,47.01492537,68.42105263,55.07246377,43.5483871,362.4660286,447.8172509,0
419144,1,4,0,0,47.01492537,51.51515152,31.57894737,59.375,59.42028986,447.8172509,362.4660286,1
419145,0,6,1,1,42.10526316,50.35971223,35.29411765,43.75,31.57894737,489.1494082,324.0000589,0
419145,0,2,0,0,50.35971223,42.10526316,64.70588235,45.90163934,56.4516129,324.0000589,489.1494082,1
419146,1,8,0,0,38.66666667,53.38983051,22.22222222,55.81395349,58.13953488,472.4131974,558.4384247,0
419146,1,5,1,1,53.38983051,38.66666667,77.77777778,53.96825397,46.2962963,558.4384247,472.4131974,1
419147,1,3,1,1,60.30534351,57.14285714,45.45454545,63.63636364,58.44155844,405.224537,122.2175807,0
419147,1,7,0,0,57.14285714,60.30534351,54.54545455,44.59459459,43.42105263,122.2175807,405.224537,1
419148,1,5,0,0,53.38983051,47.01492537,60,46.03174603,53.7037037,405.4168966,151.0930858,0
419148,1,4,1,1,47.01492537,53.38983051,40,40.625,40.57971014,151.0930858,405.4168966,1
419149,0,1,1,1,51.51515152,42.10526316,58.82352941,55.07246377,43.5483871,482.2413609,246.2142694,0
419149,0,6,0,0,42.10526316,51.51515152,41.17647059,56.25,68.42105263,246.2142694,482.2413609,1
419150,1,2,0,1,50.35971223,38.66666667,45.45454545,45.90163934,43.5483871,403.9423635,497.0369356,0
419150,1,8,1,0,38.66666667,50.35971223,54.54545455,44.18604651,58.13953488,497.0369356,403.9423635,1
419151,1,4,0,0,47.01492537,57.14285714,50,59.375,59.42028986,481.1795463,208.4370305,0
419151,1,7,1,1,57.14285714,47.01492537,50,55.40540541,56.57894737,208.4370305,481.1795463,1
419152,1,8,0,0,38.66666667,60.30534351,40,55.81395349,58.13953488,412.7197924,242.732014,0
419152,1,3,1,1,60.30534351,38.66666667,60,63.63636364,58.44155844,242.732014,412.7197924,1
419153,0,2,1,0,50.35971223,51.51515152,50,54.09836066,56.4516129,632.5225656,220.6760296,0
419153,0,1,0,1,51.51515152,50.35971223,50,44.92753623,43.5483871,220.6760296,632.5225656,1
419154,1,6,1,1,42.10526316,47.01492537,44.44444444,43.75,31.57894737,114.6686982,340.6849262,0
419154,1,4,0,0,47.01492537,42.10526316,55.55555556,59.375,59.42028986,340.6849262,114.6686982,1
419155,0,5,1,0,53.38983051,57.14285714,37.5,53.96825397,53.7037037,271.9159237,439.8529372,0
419155,0,7,0,1,57.14285714,53.38983051,62.5,44.59459459,56.57894737,439.8529372,271.9159237,1
419156,1,8,0,1,38.66666667,50.35971223,54.54545455,55.81395349,41.86046512,410.5323736,280.2418042,0
419156,1,2,1,0,50.35971223,38.66666667,45.45454545,54.09836066,56.4516129,280.2418042,410.5323736,1
419157,1,7,1,1,57.14285714,42.10526316,50,55.40540541,56.57894737,444.6817445,253.2445249,0
419157,1,6,0,0,42.10526316,57.14285714,50,56.25,68.42105263,253.2445249,444.6817445,1
419158,0,3,0,0,60.30534351,51.51515152,62.5,36.36363636,41.55844156,448.964685,57.87315304,0
419158,0,1,1,1,51.51515152,60.30534351,37.5,55.07246377,43.5483871,57.87315304,448.964685,1
419159,1,5,1,1,53.38983051,50.35971223,43.75,53.96825397,46.2962963,286.3810042,403.2339145,0
419159,1,2,0,0,50.35971223,53.38983051,56.25,45.90163934,56.4516129,403.2339145,286.3810042,1
419160,1,3,1,1,60.30534351,42.10526316,68.75,63.63636364,58.44155844,157.7278845,321.6005133,0
419160,1,6,0,0,42.10526316,60.30534351,31.25,56.25,68.42105263,321.6005133,157.7278845,1
419161,1,4,0,1,47.01492537,38.66666667,70,59.375,40.57971014,353.643029,346.5669694,0
419161,1,8,1,0,38.66666667,47.01492537,30,44.18604651,58.13953488,346.5669694,353.643029,1
419162,1,2,1,0,50.35971223,57.14285714,42.10526316,54.09836066,56.4516129,184.3892327,453.7990914,0
419162,1,7,0,1,57.14285714,50.35971223,57.89473684,44.59459459,56.57894737,453.7990914,184.3892327,1
419163,0,1,0,0,51.51515152,53.38983051,40,44.92753623,56.4516129,401.9283905,177.6715343,0
419163,0,5,1,1,53.38983051,51.51515152,60,53.96825397,46.2962963,177.6715343,401.9283905,1
419164,1,4,0,1,47.01492537,60.30534351,41.17647059,59.375,40.57971014,420.015815,382.4644401,0
419164,1,3,1,0,60.30534351,47.01492537,58.82352941,63.63636364,41.55844156,382.4644401,420.015815,1
419165,0,6,0,0,42.10526316,38.66666667,63.63636364,56.25,68.42105263,340.6897582,363.3148659,0
419165,0,8,1,1,38.66666667,42.10526316,36.36363636,44.18604651,41.86046512,363.3148659,340.6897582,1
419166,1,1,0,0,51.51515152,57.14285714,27.77777778,44.92753623,56.4516129,368.2609541,116.3527543,0
419166,1,7,1,1,57.14285714,51.51515152,72.22222222,55.40540541,56.57894737,116.3527543,368.2609541,1
419167,1,2,0,0,50.35971223,57.14285714,42.10526316,45.90163934,56.4516129,273.2029153,442.4129889,0
419167,1,7,1,1,57.14285714,50.35971223,57.89473684,55.40540541,56.57894737,442.4129889,273.2029153,1
419168,1,3,1,1,60.30534351,38.66666667,60,63.63636364,58.44155844,410.0756404,277.0535841,0
419168,1,8,0,0,38.66666667,60.30534351,40,55.81395349,58.13953488,277.0535841,410.0756404,1
419169,1,2,0,0,50.35971223,38.66666667,45.45454545,45.90163934,56.4516129,424.4872491,40.57731311,0
419169,1,8,1,1,38.66666667,50.35971223,54.54545455,44.18604651,41.86046512,40.57731311,424.4872491,1
419170,1,3,1,1,60.30534351,57.14285714,45.45454545,63.63636364,58.44155844,467.8197321,247.5686477,0
419170,1,7,0,0,57.14285714,60.30534351,54.54545455,44.59459459,43.42105263,247.5686477,467.8197321,1
501203,1,3,1,1,60.30534351,51.51515152,62.5,63.63636364,58.44155844,405.1765675,261.4380575,0
501203,1,1,0,0,51.51515152,60.30534351,37.5,44.92753623,56.4516129,261.4380575,405.1765675,1
501204,1,8,0,1,38.66666667,53.38983051,22.22222222,55.81395349,41.86046512,158.3217871,459.0897628,0
501204,1,5,1,0,53.38983051,38.66666667,77.77777778,53.96825397,53.7037037,459.0897628,158.3217871,1
501205,0,9,1,1,42.85714286,50.35971223,0,50,28.57142857,238.8186168,318.8410407,0
501205,0,2,0,0,50.35971223,42.85714286,100,45.90163934,56.4516129,318.8410407,238.8186168,1
501206,1,6,1,1,42.10526316,57.14285714,50,43.75,31.57894737,112.434665,403.4699094,0
501206,1,7,0,0,57.14285714,42.10526316,50,44.59459459,43.42105263,403.4699094,112.434665,1
501207,0,10,0,0,26.08695652,47.01492537,50,85,70,362.0671257,183.9836856,0
501207,0,4,1,1,47.01492537,26.08695652,50,40.625,40.57971014,183.9836856,362.0671257,1
501208,1,1,1,1,51.51515152,38.66666667,77.77777778,55.07246377,43.5483871,465.8421974,198.6970952,0
501208,1,8,0,0,38.66666667,51.51515152,22.22222222,55.81395349,58.13953488,198.6970952,465.8421974,1
501209,1,5,0,0,53.38983051,42.10526316,62.5,46.03174603,53.7037037,367.7051776,306.8975003,0
501209,1,6,1,1,42.10526316,53.38983051,37.5,43.75,31.57894737,306.8975003,367.7051776,1
501210,0,2,0,1,50.35971223,57.14285714,42.10526316,45.90163934,43.5483871,140.8346303,255.2986681,0
501210,0,7,1,0,57.14285714,50.35971223,57.89473684,55.40540541,43.42105263,255.2986681,140.8346303,1
501211,1,4,1,0,47.01492537,60.30534351,41.17647059,40.625,59.42028986,484.7569485,397.1578162,0
501211,1,3,0,1,60.30534351,47.01492537,58.82352941,36.36363636,58.44155844,397.1578162,484.7569485,1
501212,0,10,0,0,26.08695652,42.85714286,100,85,70,404.4990845,146.3746822,0
501212,0,9,1,1,42.85714286,26.08695652,0,50,28.57142857,146.3746822,404.4990845,1
501213,1,8,0,1,38.66666667,50.35971223,54.54545455,55.81395349,41.86046512,506.1650874,284.2230814,0
501213,1,2,1,0,50.35971223,38.66666667,45.45454545,54.09836066,56.4516129,284.2230814,506.1650874,1
501214,1,5,0,1,53.38983051,51.51515152,60,46.03174603,46.2962963,182.5444839,317.3171112,0
501214,1,1,1,0,51.51515152,53.38983051,40,55.07246377,56.4516129,317.3171112,182.5444839,1
501215,0,7,0,1,57.14285714,42.85714286,0,44.59459459,56.57894737,329.7605784,275.2503021,0
501215,0,9,1,0,42.85714286,57.14285714,100,50,71.42857143,275.2503021,329.7605784,1
501216,1,3,1,1,60.30534351,50.35971223,63.15789474,63.63636364,58.44155844,479.0520054,351.5196613,0
501216,1,2,0,0,50.35971223,60.30534351,36.84210526,45.90163934,56.4516129,351.5196613,479.0520054,1
501217,0,8,0,1,38.66666667,47.01492537,30,55.81395349,41.86046512,249.7577957,386.4474511,0
501217,0,4,1,0,47.01492537,38.66666667,70,40.625,59.42028986,386.4474511,249.7577957,1
501218,1,10,0,1,26.08695652,42.10526316,33.33333333,85,30,420.956669,426.5624273,0
501218,1,6,1,0,42.10526316,26.08695652,66.66666667,43.75,68.42105263,426.5624273,420.956669,1
501219,0,1,1,0,51.51515152,53.38983051,40,55.07246377,56.4516129,306.9453596,111.2683859,0
501219,0,5,0,1,53.38983051,51.51515152,60,46.03174603,46.2962963,111.2683859,306.9453596,1
501220,1,9,1,0,42.85714286,60.30534351,50,50,71.42857143,246.3322036,289.887187,0
501220,1,3,0,1,60.30534351,42.85714286,50,36.36363636,58.44155844,289.887187,246.3322036,1
501221,1,6,0,0,42.10526316,38.66666667,63.63636364,56.25,68.42105263,252.0928476,430.8211082,0
501221,1,8,1,1,38.66666667,42.10526316,36.36363636,44.18604651,41.86046512,430.8211082,252.0928476,1
501223,1,7,0,0,57.14285714,26.08695652,83.33333333,44.59459459,43.42105263,401.6679149,123.4646485,0
501223,1,10,1,1,26.08695652,57.14285714,16.66666667,15,30,123.4646485,401.6679149,1
501224,0,1,1,0,51.51515152,42.85714286,0,55.07246377,56.4516129,180.8843118,310.8953459,0
501224,0,9,0,1,42.85714286,51.51515152,100,50,28.57142857,310.8953459,180.8843118,1
501225,1,4,0,1,47.01492537,53.38983051,40,59.375,40.57971014,447.919395,328.8076362,0
501225,1,5,1,0,53.38983051,47.01492537,60,53.96825397,53.7037037,328.8076362,447.919395,1
501226,1,7,0,1,57.14285714,60.30534351,54.54545455,44.59459459,56.57894737,480.256421,308.2086635,0
501226,1,3,1,0,60.30534351,57.14285714,45.45454545,63.63636364,41.55844156,308.2086635,480.256421,1
501227,0,1,0,1,51.51515152,50.35971223,50,44.92753623,43.5483871,188.3061204,468.3886442,0
501227,0,2,1,0,50.35971223,51.51515152,50,54.09836066,56.4516129,468.3886442,188.3061204,1
501228,1,6,0,1,42.10526316,47.01492537,44.44444444,56.25,31.57894737,611.1957589,397.9067317,0
501228,1,4,1,0,47.01492537,42.10526316,55.55555556,40.625,59.42028986,397.9067317,611.1957589,1
501229,1,8,1,0,38.66666667,57.14285714,40,44.18604651,58.13953488,209.8819199,424.8407677,0
501229,1,7,0,1,57.14285714,38.66666667,60,44.59459459,56.57894737,424.8407677,209.8819199,1
501230,0,5,1,0,53.38983051,42.85714286,50,53.96825397,53.7037037,495.7537147,96.28941719,0
501230,0,9,0,1,42.85714286,53.38983051,50,50,28.57142857,96.28941719,495.7537147,1
501231,1,3,0,1,60.30534351,26.08695652,66.66666667,36.36363636,58.44155844,435.4703738,259.9038042,0
501231,1,10,1,0,26.08695652,60.30534351,33.33333333,15,70,259.9038042,435.4703738,1
501232,1,6,0,1,42.10526316,50.35971223,35.29411765,56.25,31.57894737,359.1676696,297.3108496,0
501232,1,2,1,0,50.35971223,42.10526316,64.70588235,54.09836066,56.4516129,297.3108496,359.1676696,1
501233,1,10,1,1,26.08695652,60.30534351,33.33333333,15,30,193.0853513,364.1528503,0
501233,1,3,0,0,60.30534351,26.08695652,66.66666667,36.36363636,41.55844156,364.1528503,193.0853513,1
501234,0,9,1,0,42.85714286,38.66666667,0,50,71.42857143,143.1281342,481.0764276,0
501234,0,8,0,1,38.66666667,42.85714286,100,55.81395349,41.86046512,481.0764276,143.1281342,1
501235,1,6,1,0,42.10526316,51.51515152,41.17647059,43.75,68.42105263,332.2497884,390.8098821,0
501235,1,1,0,1,51.51515152,42.10526316,58.82352941,44.92753623,43.5483871,390.8098821,332.2497884,1
501236,1,5,1,0,53.38983051,57.14285714,37.5,53.96825397,53.7037037,251.9457986,132.111483,0
501236,1,7,0,1,57.14285714,53.38983051,62.5,44.59459459,56.57894737,132.111483,251.9457986,1
501237,0,2,0,1,50.35971223,26.08695652,100,45.90163934,43.5483871,404.4170436,350.3978263,0
501237,0,10,1,0,26.08695652,50.35971223,0,15,70,350.3978263,404.4170436,1
501238,1,9,0,0,42.85714286,42.10526316,50,50,71.42857143,222.458343,486.7480464,0
501238,1,6,1,1,42.10526316,42.85714286,50,43.75,31.57894737,486.7480464,222.458343,1
501239,0,1,1,0,51.51515152,47.01492537,68.42105263,55.07246377,56.4516129,262.4424771,110.386231,0
501239,0,4,0,1,47.01492537,51.51515152,31.57894737,59.375,40.57971014,110.386231,262.4424771,1
501240,1,5,1,0,53.38983051,26.08695652,80,53.96825397,53.7037037,415.1928691,253.2778197,0
501240,1,10,0,1,26.08695652,53.38983051,20,85,30,253.2778197,415.1928691,1
501241,0,3,1,1,60.30534351,38.66666667,60,63.63636364,58.44155844,470.2720156,367.0747303,0
501241,0,8,0,0,38.66666667,60.30534351,40,55.81395349,58.13953488,367.0747303,470.2720156,1
501242,1,7,0,1,57.14285714,47.01492537,50,44.59459459,56.57894737,431.6920722,265.3934191,0
501242,1,4,1,0,47.01492537,57.14285714,50,40.625,59.42028986,265.3934191,431.6920722,1
501243,0,6,0,1,42.10526316,42.85714286,50,56.25,31.57894737,216.7137712,346.5788662,0
501243,0,9,1,0,42.85714286,42.10526316,50,50,71.42857143,346.5788662,216.7137712,1
501244,1,8,1,0,38.66666667,51.51515152,22.22222222,44.18604651,58.13953488,269.8702706,350.3980261,0
501244,1,1,0,1,51.51515152,38.66666667,77.77777778,44.92753623,43.5483871,350.3980261,269.8702706,1
501245,1,3,0,0,60.30534351,53.38983051,64.70588235,36.36363636,41.55844156,381.5918257,247.5206726,0
501245,1,5,1,1,53.38983051,60.30534351,35.29411765,53.96825397,46.2962963,247.5206726,381.5918257,1
501246,0,10,1,0,26.08695652,57.14285714,16.66666667,15,70,295.8242141,310.3273126,0
501246,0,7,0,1,57.14285714,26.08695652,83.33333333,44.59459459,56.57894737,310.3273126,295.8242141,1
501247,1,9,0,1,42.85714286,51.51515152,100,50,28.57142857,401.1418782,283.5759623,0
501247,1,1,1,0,51.51515152,42.85714286,0,55.07246377,56.4516129,283.5759623,401.1418782,1
501248,0,8,0,1,38.66666667,42.10526316,36.36363636,55.81395349,41.86046512,438.9109196,520.5811301,0
501248,0,6,1,0,42.10526316,38.66666667,63.63636364,43.75,68.42105263,520.5811301,438.9109196,1
501249,1,2,0,1,50.35971223,47.01492537,44.44444444,45.90163934,43.5483871,608.2225716,201.4300248,0
501249,1,4,1,0,47.01492537,50.35971223,55.55555556,40.625,59.42028986,201.4300248,608.2225716,1
501250,1,1,0,0,51.51515152,60.30534351,37.5,44.92753623,56.4516129,161.5367843,174.0312121,0
501250,1,3,1,1,60.30534351,51.51515152,62.5,63.63636364,58.44155844,174.0312121,161.5367843,1
501251,0,7,0,1,57.14285714,42.10526316,50,44.59459459,56.57894737,487.8804814,241.1358527,0
501251,0,6,1,0,42.10526316,57.14285714,50,43.75,68.42105263,241.1358527,487.8804814,1
501252,1,2,0,0,50.35971223,42.85714286,100,45.90163934,56.4516129,458.9283538,81.72254921,0
501252,1,9,1,1,42.85714286,50.35971223,0,50,28.57142857,81.72254921,458.9283538,1
501253,0,4,1,1,47.01492537,26.08695652,50,40.625,40.57971014,221.4934417,347.9424981,0
501253,0,10,0,0,26.08695652,47.01492537,50,85,70,347.9424981,221.4934417,1
501254,1,5,1,0,53.38983051,60.30534351,35.29411765,53.96825397,53.7037037,233.7483052,533.3804237,0
501254,1,3,0,1,60.30534351,53.38983051,64.70588235,36.36363636,58.44155844,533.3804237,233.7483052,1
501255,1,8,1,1,38.66666667,26.08695652,75,44.18604651,41.86046512,202.8953454,385.9490937,0
501255,1,10,0,0,26.08695652,38.66666667,25,85,70,385.9490937,202.8953454,1
501256,0,4,0,1,47.01492537,57.14285714,50,59.375,40.57971014,433.198974,348.3508872,0
501256,0,7,1,0,57.14285714,47.01492537,50,55.40540541,43.42105263,348.3508872,433.198974,1
501257,1,5,0,1,53.38983051,50.35971223,43.75,46.03174603,46.2962963,161.2973786,371.2997395,0
501257,1,2,1,0,50.35971223,53.38983051,56.25,54.09836066,56.4516129,371.2997395,161.2973786,1
501258,1,3,1,1,60.30534351,42.10526316,68.75,63.63636364,58.44155844,468.8001485,285.6613523,0
501258,1,6,0,0,42.10526316,60.30534351,31.25,56.25,68.42105263,285.6613523,468.8001485,1
501259,1,9,0,1,42.85714286,47.01492537,0,50,28.57142857,298.7729249,473.8647586,0
501259,1,4,1,0,47.01492537,42.85714286,100,40.625,59.42028986,473.8647586,298.7729249,1
501260,1,2,1,0,50.35971223,51.51515152,50,54.09836066,56.4516129,276.467635,286.5770183,0
501260,1,1,0,1,51.51515152,50.35971223,50,44.92753623,43.5483871,286.5770183,276.467635,1
501261,0,7,0,0,57.14285714,38.66666667,60,44.59459459,43.42105263,227.2938279,337.7551271,0
501261,0,8,1,1,38.66666667,57.14285714,40,44.18604651,41.86046512,337.7551271,227.2938279,1
501262,1,4,0,1,47.01492537,42.10526316,55.55555556,59.375,40.57971014,402.797993,284.9540753,0
501262,1,6,1,0,42.10526316,47.01492537,44.44444444,43.75,68.42105263,284.9540753,402.797993,1
501263,0,9,1,0,42.85714286,53.38983051,50,50,71.42857143,322.8274721,124.081685,0
501263,0,5,0,1,53.38983051,42.85714286,50,46.03174603,46.2962963,124.081685,322.8274721,1
501264,1,10,0,1,26.08695652,38.66666667,25,85,30,122.9785398,359.1728243,0
501264,1,8,1,0,38.66666667,26.08695652,75,44.18604651,58.13953488,359.1728243,122.9785398,1
501265,1,4,1,1,47.01492537,50.35971223,55.55555556,40.625,40.57971014,709.7692506,115.2690672,0
501265,1,2,0,0,50.35971223,47.01492537,44.44444444,45.90163934,56.4516129,115.2690672,709.7692506,1
501266,1,3,1,1,60.30534351,42.85714286,50,63.63636364,58.44155844,319.5850161,241.0909507,0
501266,1,9,0,0,42.85714286,60.30534351,50,50,71.42857143,241.0909507,319.5850161,1
501267,1,10,0,1,26.08695652,51.51515152,20,85,30,161.3416887,287.7000977,0
501267,1,1,1,0,51.51515152,26.08695652,80,55.07246377,56.4516129,287.7000977,161.3416887,1
501268,1,7,1,1,57.14285714,53.38983051,62.5,55.40540541,56.57894737,157.8291515,399.8246823,0
501268,1,5,0,0,53.38983051,57.14285714,37.5,46.03174603,53.7037037,399.8246823,157.8291515,1
501269,1,4,1,0,47.01492537,38.66666667,70,40.625,59.42028986,152.4335411,650.9153414,0
501269,1,8,0,1,38.66666667,47.01492537,30,55.81395349,41.86046512,650.9153414,152.4335411,1
501270,0,6,1,1,42.10526316,26.08695652,50,43.75,31.57894737,57.20178009,71.5,0
501270,0,10,0,0,26.08695652,42.10526316,50,85,70,71.5,57.20178009,1
501271,1,2,1,0,50.35971223,60.30534351,36.84210526,54.09836066,56.4516129,354.8005122,214.6778853,0
501271,1,3,0,1,60.30534351,50.35971223,63.15789474,36.36363636,58.44155844,214.6778853,354.8005122,1
501272,0,1,0,1,51.51515152,57.14285714,27.77777778,44.92753623,43.5483871,346.3561456,339.0819967,0
501272,0,7,1,0,57.14285714,51.51515152,72.22222222,55.40540541,43.42105263,339.0819967,346.3561456,1
501273,1,2,0,1,50.35971223,60.30534351,36.84210526,45.90163934,43.5483871,337.0894278,360.662362,0
501273,1,3,1,0,60.30534351,50.35971223,63.15789474,63.63636364,41.55844156,360.662362,337.0894278,1
501274,1,7,1,0,57.14285714,51.51515152,72.22222222,55.40540541,43.42105263,379.0261664,315.2574127,0
501274,1,1,0,1,51.51515152,57.14285714,27.77777778,44.92753623,43.5483871,315.2574127,379.0261664,1
501275,1,2,0,1,50.35971223,57.14285714,42.10526316,45.90163934,43.5483871,489.2767908,171.3022551,0
501275,1,7,1,0,57.14285714,50.35971223,57.89473684,55.40540541,43.42105263,171.3022551,489.2767908,1
501276,1,3,1,1,60.30534351,50.35971223,63.15789474,63.63636364,58.44155844,494.7000778,213.3019191,0
501276,1,2,0,0,50.35971223,60.30534351,36.84210526,45.90163934,56.4516129,213.3019191,494.7000778,1
548311,1,3,0,1,60.30534351,57.14285714,45.45454545,36.36363636,58.44155844,132.6187157,408.0953054,0
548311,1,7,1,0,57.14285714,60.30534351,54.54545455,55.40540541,43.42105263,408.0953054,132.6187157,1
548312,1,1,0,1,51.51515152,42.10526316,58.82352941,44.92753623,43.5483871,105.1390203,431.1463013,0
548312,1,6,1,0,42.10526316,51.51515152,41.17647059,43.75,68.42105263,431.1463013,105.1390203,1
548313,1,7,1,0,57.14285714,26.08695652,83.33333333,55.40540541,43.42105263,66.1237231,120.3522696,0
548313,1,10,0,1,26.08695652,57.14285714,16.66666667,85,30,120.3522696,66.1237231,1
548314,0,5,0,1,53.38983051,47.01492537,60,46.03174603,46.2962963,246.9732534,164.5112456,0
548314,0,4,1,0,47.01492537,53.38983051,40,40.625,59.42028986,164.5112456,246.9732534,1
548315,1,2,0,1,50.35971223,42.10526316,58.82352941,45.90163934,43.5483871,228.902856,186.2126335,0
548315,1,6,1,0,42.10526316,50.35971223,41.17647059,43.75,68.42105263,186.2126335,228.902856,1
548316,0,8,1,0,38.66666667,60.30534351,40,44.18604651,58.13953488,138.9934501,139.1344247,0
548316,0,3,0,1,60.30534351,38.66666667,60,36.36363636,58.44155844,139.1344247,138.9934501,1
548317,1,5,0,1,53.38983051,51.51515152,60,46.03174603,46.2962963,239.6568967,151.048499,0
548317,1,1,1,0,51.51515152,53.38983051,40,55.07246377,56.4516129,151.048499,239.6568967,1
548318,0,10,1,1,26.08695652,47.01492537,50,15,30,260.1960367,95.30293868,0
548318,0,4,0,0,47.01492537,26.08695652,50,59.375,59.42028986,95.30293868,260.1960367,1
548319,1,8,1,1,38.66666667,57.14285714,40,44.18604651,41.86046512,194.8110799,234.6317703,0
548319,1,7,0,0,57.14285714,38.66666667,60,44.59459459,43.42105263,234.6317703,194.8110799,1
548320,1,2,1,0,50.35971223,51.51515152,50,54.09836066,56.4516129,63.67942814,251.9452027,0
548320,1,1,0,1,51.51515152,50.35971223,50,44.92753623,43.5483871,251.9452027,63.67942814,1
548321,0,6,1,0,42.10526316,60.30534351,31.25,43.75,68.42105263,172.4167236,79.38197697,0
548321,0,3,0,1,60.30534351,42.10526316,68.75,36.36363636,58.44155844,79.38197697,172.4167236,1
548322,1,7,0,1,57.14285714,53.38983051,62.5,44.59459459,56.57894737,329.8638587,255.6188339,0
548322,1,5,1,0,53.38983051,57.14285714,37.5,53.96825397,53.7037037,255.6188339,329.8638587,1
548323,1,3,0,0,60.30534351,50.35971223,63.15789474,36.36363636,41.55844156,376.2178918,338.1712177,0
548323,1,2,1,1,50.35971223,60.30534351,36.84210526,54.09836066,43.5483871,338.1712177,376.2178918,1
548324,0,4,1,0,47.01492537,26.08695652,50,40.625,59.42028986,142.972526,144.4800518,0
548324,0,10,0,1,26.08695652,47.01492537,50,85,30,144.4800518,142.972526,1
548325,1,1,0,0,51.51515152,53.38983051,40,44.92753623,56.4516129,152.9763256,151.2447013,0
548325,1,5,1,1,53.38983051,51.51515152,60,53.96825397,46.2962963,151.2447013,152.9763256,1
548326,1,6,0,0,42.10526316,38.66666667,63.63636364,56.25,68.42105263,314.2467811,217.3010686,0
548326,1,8,1,1,38.66666667,42.10526316,36.36363636,44.18604651,41.86046512,217.3010686,314.2467811,1
548327,1,10,0,0,26.08695652,60.30534351,33.33333333,85,70,246.7931051,128.7266686,0
548327,1,3,1,1,60.30534351,26.08695652,66.66666667,63.63636364,58.44155844,128.7266686,246.7931051,1
548328,1,1,1,0,51.51515152,47.01492537,68.42105263,55.07246377,56.4516129,163.264677,94.13377741,0
548328,1,4,0,1,47.01492537,51.51515152,31.57894737,59.375,40.57971014,94.13377741,163.264677,1
548329,0,2,0,0,50.35971223,53.38983051,50,45.90163934,56.4516129,151.1207313,428.4813805,0
548329,0,5,1,1,53.38983051,50.35971223,50,53.96825397,46.2962963,428.4813805,151.1207313,1
548330,1,7,0,1,57.14285714,42.10526316,50,44.59459459,56.57894737,50.31386808,94.75309547,0
548330,1,6,1,0,42.10526316,57.14285714,50,43.75,68.42105263,94.75309547,50.31386808,1
548331,1,5,0,0,53.38983051,38.66666667,77.77777778,46.03174603,53.7037037,357.5737958,350.4667827,0
548331,1,8,1,1,38.66666667,53.38983051,22.22222222,44.18604651,41.86046512,350.4667827,357.5737958,1
548332,0,2,0,0,50.35971223,26.08695652,100,45.90163934,56.4516129,333.4031556,314.7067033,0
548332,0,10,1,1,26.08695652,50.35971223,0,15,30,314.7067033,333.4031556,1
548333,1,4,1,1,47.01492537,51.51515152,31.57894737,40.625,40.57971014,147.8500876,195.3005913,0
548333,1,1,0,0,51.51515152,47.01492537,68.42105263,44.92753623,56.4516129,195.3005913,147.8500876,1
548334,1,8,1,1,38.66666667,42.10526316,36.36363636,44.18604651,41.86046512,357.6771184,412.4503136,0
548334,1,6,0,0,42.10526316,38.66666667,63.63636364,56.25,68.42105263,412.4503136,357.6771184,1
548335,1,3,0,1,60.30534351,26.08695652,66.66666667,36.36363636,58.44155844,252.5982308,198.6752941,0
548335,1,10,1,0,26.08695652,60.30534351,33.33333333,15,70,198.6752941,252.5982308,1
548336,1,4,0,1,47.01492537,50.35971223,55.55555556,59.375,40.57971014,244.8591778,271.9050229,0
548336,1,2,1,0,50.35971223,47.01492537,44.44444444,54.09836066,56.4516129,271.9050229,244.8591778,1
548337,1,3,0,0,60.30534351,53.38983051,64.70588235,36.36363636,41.55844156,192.1606737,184.6426879,0
548337,1,5,1,1,53.38983051,60.30534351,35.29411765,53.96825397,46.2962963,184.6426879,192.1606737,1
548338,0,6,1,0,42.10526316,26.08695652,50,43.75,68.42105263,300.1785199,324.2774052,0
548338,0,10,0,1,26.08695652,42.10526316,50,85,30,324.2774052,300.1785199,1
548339,1,7,1,1,57.14285714,47.01492537,50,55.40540541,56.57894737,255.139397,263.7610076,0
548339,1,4,0,0,47.01492537,57.14285714,50,59.375,59.42028986,263.7610076,255.139397,1
548340,0,8,0,1,38.66666667,51.51515152,22.22222222,55.81395349,41.86046512,161.2458096,152.5705095,0
548340,0,1,1,0,51.51515152,38.66666667,77.77777778,55.07246377,56.4516129,152.5705095,161.2458096,1
548341,1,5,1,0,53.38983051,50.35971223,43.75,53.96825397,53.7037037,173.9987235,347.3967412,0
548341,1,2,0,1,50.35971223,53.38983051,56.25,45.90163934,43.5483871,347.3967412,173.9987235,1
548342,1,10,1,1,26.08695652,42.10526316,33.33333333,15,30,215.98142,256.0328185,0
548342,1,6,0,0,42.10526316,26.08695652,66.66666667,56.25,68.42105263,256.0328185,215.98142,1
548344,1,4,1,1,47.01492537,57.14285714,50,40.625,40.57971014,267.8650721,307.7948943,0
548344,1,7,0,0,57.14285714,47.01492537,50,44.59459459,43.42105263,307.7948943,267.8650721,1
548346,1,10,0,0,26.08695652,38.66666667,25,85,70,200.3593818,290.1011159,0
548346,1,8,1,1,38.66666667,26.08695652,75,44.18604651,41.86046512,290.1011159,200.3593818,1
548347,1,6,0,1,42.10526316,57.14285714,50,56.25,31.57894737,432.2165549,274.6122765,0
548347,1,7,1,0,57.14285714,42.10526316,50,55.40540541,43.42105263,274.6122765,432.2165549,1
548348,1,3,0,0,60.30534351,47.01492537,58.82352941,36.36363636,41.55844156,124.4114926,231.0634078,0
548348,1,4,1,1,47.01492537,60.30534351,41.17647059,40.625,40.57971014,231.0634078,124.4114926,1
548349,0,1,1,1,51.51515152,50.35971223,50,55.07246377,43.5483871,324.4973731,200.184794,0
548349,0,2,0,0,50.35971223,51.51515152,50,45.90163934,56.4516129,200.184794,324.4973731,1
548350,1,6,1,1,42.10526316,53.38983051,37.5,43.75,31.57894737,248.4752394,206.6881525,0
548350,1,5,0,0,53.38983051,42.10526316,62.5,46.03174603,53.7037037,206.6881525,248.4752394,1
548351,0,7,1,0,57.14285714,38.66666667,60,55.40540541,43.42105263,96.50093001,115.3565169,0
548351,0,8,0,1,38.66666667,57.14285714,40,55.81395349,41.86046512,115.3565169,96.50093001,1
548352,1,3,1,1,60.30534351,51.51515152,62.5,63.63636364,58.44155844,156.3611361,199.2371029,0
548352,1,1,0,0,51.51515152,60.30534351,37.5,44.92753623,56.4516129,199.2371029,156.3611361,1
548353,1,8,1,1,38.66666667,26.08695652,75,44.18604651,41.86046512,334.5996599,258.0445902,0
548353,1,10,0,0,26.08695652,38.66666667,25,85,70,258.0445902,334.5996599,1
548354,0,5,1,1,53.38983051,42.10526316,62.5,53.96825397,46.2962963,194.9197281,297.997174,0
548354,0,6,0,0,42.10526316,53.38983051,37.5,56.25,68.42105263,297.997174,194.9197281,1
548355,1,2,0,1,50.35971223,47.01492537,44.44444444,45.90163934,43.5483871,253.2150725,254.8978445,0
548355,1,4,1,0,47.01492537,50.35971223,55.55555556,40.625,59.42028986,254.8978445,253.2150725,1
548356,1,10,0,0,26.08695652,57.14285714,16.66666667,85,70,117.1341333,110.1692724,0
548356,1,7,1,1,57.14285714,26.08695652,83.33333333,55.40540541,56.57894737,110.1692724,117.1341333,1
548357,1,3,1,1,60.30534351,38.66666667,60,63.63636364,58.44155844,196.6303261,231.1368026,0
548357,1,8,0,0,38.66666667,60.30534351,40,55.81395349,58.13953488,231.1368026,196.6303261,1
548358,1,1,1,1,51.51515152,26.08695652,80,55.07246377,43.5483871,191.1864121,154.5031477,0
548358,1,10,0,0,26.08695652,51.51515152,20,85,70,154.5031477,191.1864121,1
548359,0,4,0,0,47.01492537,53.38983051,40,59.375,59.42028986,148.3185772,273.6845809,0
548359,0,5,1,1,53.38983051,47.01492537,60,53.96825397,46.2962963,273.6845809,148.3185772,1
548360,1,7,1,0,57.14285714,60.30534351,54.54545455,55.40540541,43.42105263,358.3173809,193.9786172,0
548360,1,3,0,1,60.30534351,57.14285714,45.45454545,36.36363636,58.44155844,193.9786172,358.3173809,1
548361,0,2,1,0,50.35971223,38.66666667,45.45454545,54.09836066,56.4516129,356.2982291,307.8859475,0
548361,0,8,0,1,38.66666667,50.35971223,54.54545455,55.81395349,41.86046512,307.8859475,356.2982291,1
548362,1,6,1,1,42.10526316,51.51515152,41.17647059,43.75,31.57894737,228.6397277,217.5655941,0
548362,1,1,0,0,51.51515152,42.10526316,58.82352941,44.92753623,56.4516129,217.5655941,228.6397277,1
548363,1,10,1,1,26.08695652,53.38983051,20,15,30,148.6283228,222.7191756,0
548363,1,5,0,0,53.38983051,26.08695652,80,46.03174603,53.7037037,222.7191756,148.6283228,1
548364,0,8,1,0,38.66666667,47.01492537,30,44.18604651,58.13953488,180.785363,281.9236671,0
548364,0,4,0,1,47.01492537,38.66666667,70,59.375,40.57971014,281.9236671,180.785363,1
548365,1,7,0,1,57.14285714,50.35971223,57.89473684,44.59459459,56.57894737,155.8026337,200.2470717,0
548365,1,2,1,0,50.35971223,57.14285714,42.10526316,54.09836066,56.4516129,200.2470717,155.8026337,1
548366,1,5,0,1,53.38983051,60.30534351,35.29411765,46.03174603,46.2962963,155.3847894,173.7314194,0
548366,1,3,1,0,60.30534351,53.38983051,64.70588235,63.63636364,41.55844156,173.7314194,155.3847894,1
548367,1,10,1,0,26.08695652,50.35971223,0,15,70,193.2541696,305.526736,0
548367,1,2,0,1,50.35971223,26.08695652,100,45.90163934,43.5483871,305.526736,193.2541696,1
548368,1,1,0,0,51.51515152,57.14285714,27.77777778,44.92753623,56.4516129,255.6659069,350.0547414,0
548368,1,7,1,1,57.14285714,51.51515152,72.22222222,55.40540541,56.57894737,350.0547414,255.6659069,1
548369,0,3,1,0,60.30534351,42.10526316,68.75,63.63636364,41.55844156,144.9873323,136.0413477,0
548369,0,6,0,1,42.10526316,60.30534351,31.25,56.25,31.57894737,136.0413477,144.9873323,1
548370,1,5,1,1,53.38983051,26.08695652,80,53.96825397,46.2962963,333.6182568,139.877675,0
548370,1,10,0,0,26.08695652,53.38983051,20,85,70,139.877675,333.6182568,1
548371,0,4,0,0,47.01492537,38.66666667,70,59.375,59.42028986,366.1345981,344.0926184,0
548371,0,8,1,1,38.66666667,47.01492537,30,44.18604651,41.86046512,344.0926184,366.1345981,1
548372,1,2,0,1,50.35971223,57.14285714,42.10526316,45.90163934,43.5483871,282.4753702,296.6877161,0
548372,1,7,1,0,57.14285714,50.35971223,57.89473684,55.40540541,43.42105263,296.6877161,282.4753702,1
548373,0,1,0,1,51.51515152,60.30534351,37.5,44.92753623,43.5483871,270.572498,225.817459,0
548373,0,3,1,0,60.30534351,51.51515152,62.5,63.63636364,41.55844156,225.817459,270.572498,1
548374,1,6,0,0,42.10526316,47.01492537,44.44444444,56.25,68.42105263,228.7687563,177.1041696,0
548374,1,4,1,1,47.01492537,42.10526316,55.55555556,40.625,40.57971014,177.1041696,228.7687563,1
548375,1,7,1,0,57.14285714,51.51515152,72.22222222,55.40540541,43.42105263,125.5521442,105.2520894,0
548375,1,1,0,1,51.51515152,57.14285714,27.77777778,44.92753623,43.5483871,105.2520894,125.5521442,1
548376,1,4,1,0,47.01492537,60.30534351,41.17647059,40.625,59.42028986,192.3524213,97.20904299,0
548376,1,3,0,1,60.30534351,47.01492537,58.82352941,36.36363636,58.44155844,97.20904299,192.3524213,1
548377,0,6,1,0,42.10526316,50.35971223,35.29411765,43.75,68.42105263,318.2588198,479.4441071,0
548377,0,2,0,1,50.35971223,42.10526316,64.70588235,45.90163934,43.5483871,479.4441071,318.2588198,1
548378,1,8,0,0,38.66666667,53.38983051,22.22222222,55.81395349,58.13953488,180.8077986,156.7699199,0
548378,1,5,1,1,53.38983051,38.66666667,77.77777778,53.96825397,46.2962963,156.7699199,180.8077986,1
548379,1,4,0,1,47.01492537,42.10526316,55.55555556,59.375,40.57971014,161.9224363,233.5940202,0
548379,1,6,1,0,42.10526316,47.01492537,44.44444444,43.75,68.42105263,233.5940202,161.9224363,1
548380,0,10,0,0,26.08695652,51.51515152,20,85,70,98.44694408,110.2293103,0
548380,0,1,1,1,51.51515152,26.08695652,80,55.07246377,43.5483871,110.2293103,98.44694408,1
548381,1,8,0,1,38.66666667,50.35971223,54.54545455,55.81395349,41.86046512,186.8029833,162.5148891,0
548381,1,2,1,0,50.35971223,38.66666667,45.45454545,54.09836066,56.4516129,162.5148891,186.8029833,1
548382,0,5,1,1,53.38983051,57.14285714,37.5,53.96825397,46.2962963,210.4124409,219.7167047,0
548382,0,7,0,0,57.14285714,53.38983051,62.5,44.59459459,43.42105263,219.7167047,210.4124409,1
548383,1,6,0,0,42.10526316,51.51515152,41.17647059,56.25,68.42105263,174.690073,260.3434523,0
548383,1,1,1,1,51.51515152,42.10526316,58.82352941,55.07246377,43.5483871,260.3434523,174.690073,1
548384,1,3,0,1,60.30534351,57.14285714,45.45454545,36.36363636,58.44155844,293.8535237,173.9939845,0
548384,1,7,1,0,57.14285714,60.30534351,54.54545455,55.40540541,43.42105263,173.9939845,293.8535237,1
548385,1,6,1,0,42.10526316,60.30534351,31.25,43.75,68.42105263,194.0209042,402.5185824,0
548385,1,3,0,1,60.30534351,42.10526316,68.75,36.36363636,58.44155844,402.5185824,194.0209042,1
548386,1,1,0,0,51.51515152,60.30534351,37.5,44.92753623,56.4516129,350.6600205,340.728555,0
548386,1,3,1,1,60.30534351,51.51515152,62.5,63.63636364,58.44155844,340.728555,350.6600205,1
598003,1,1,1,0,51.51515152,42.10526316,58.82352941,55.07246377,56.4516129,161.2793768,176.3133616,0
598003,1,6,0,1,42.10526316,51.51515152,41.17647059,56.25,31.57894737,176.3133616,161.2793768,1
598004,1,2,0,1,50.35971223,57.14285714,42.10526316,45.90163934,43.5483871,230.8504542,253.8224846,0
598004,1,7,1,0,57.14285714,50.35971223,57.89473684,55.40540541,43.42105263,253.8224846,230.8504542,1
598005,1,11,0,1,54.83870968,26.08695652,100,53.33333333,48.64864865,129.2530263,124.081334,0
598005,1,10,1,0,26.08695652,54.83870968,0,15,70,124.081334,129.2530263,1
598006,1,6,0,0,42.10526316,53.38983051,37.5,56.25,68.42105263,219.8609209,253.8051821,0
598006,1,5,1,1,53.38983051,42.10526316,62.5,53.96825397,46.2962963,253.8051821,219.8609209,1
598007,0,3,0,0,60.30534351,57.14285714,45.45454545,36.36363636,41.55844156,190.1799225,195.6818011,0
598007,0,7,1,1,57.14285714,60.30534351,54.54545455,55.40540541,56.57894737,195.6818011,190.1799225,1
598008,1,10,1,1,26.08695652,47.01492537,50,15,30,83.4725547,144.8770199,0
598008,1,4,0,0,47.01492537,26.08695652,50,59.375,59.42028986,144.8770199,83.4725547,1
598009,0,11,0,0,54.83870968,50.35971223,55.55555556,53.33333333,51.35135135,152.6569356,140.9916549,0
598009,0,2,1,1,50.35971223,54.83870968,44.44444444,54.09836066,43.5483871,140.9916549,152.6569356,1
598010,1,5,0,1,53.38983051,51.51515152,60,46.03174603,46.2962963,187.1820862,140.9554879,0
598010,1,1,1,0,51.51515152,53.38983051,40,55.07246377,56.4516129,140.9554879,187.1820862,1
598011,1,7,1,1,57.14285714,42.10526316,50,55.40540541,56.57894737,424.0468981,204.0676422,0
598011,1,6,0,0,42.10526316,57.14285714,50,56.25,68.42105263,204.0676422,424.0468981,1
598012,1,4,0,1,47.01492537,60.30534351,41.17647059,59.375,40.57971014,188.4286884,223.4080698,0
598012,1,3,1,0,60.30534351,47.01492537,58.82352941,63.63636364,41.55844156,223.4080698,188.4286884,1
598013,1,2,1,0,50.35971223,51.51515152,50,54.09836066,56.4516129,231.497242,214.3401933,0
598013,1,1,0,1,51.51515152,50.35971223,50,44.92753623,43.5483871,214.3401933,231.497242,1
598014,0,10,0,0,26.08695652,53.38983051,20,85,70,225.7845382,174.9995477,0
598014,0,5,1,1,53.38983051,26.08695652,80,53.96825397,46.2962963,174.9995477,225.7845382,1
598015,1,6,1,1,42.10526316,54.83870968,37.5,43.75,31.57894737,128.229309,115.1098715,0
598015,1,11,0,0,54.83870968,42.10526316,62.5,53.33333333,51.35135135,115.1098715,128.229309,1
598016,1,7,1,1,57.14285714,26.08695652,83.33333333,55.40540541,56.57894737,322.1580816,133.3713231,0
598016,1,10,0,0,26.08695652,57.14285714,16.66666667,85,70,133.3713231,322.1580816,1
598017,0,3,1,0,60.30534351,50.35971223,63.15789474,63.63636364,41.55844156,140.7454098,304.1003079,0
598017,0,2,0,1,50.35971223,60.30534351,36.84210526,45.90163934,43.5483871,304.1003079,140.7454098,1
598018,1,1,1,1,51.51515152,54.83870968,66.66666667,55.07246377,43.5483871,283.1277126,96.43644481,0
598018,1,11,0,0,54.83870968,51.51515152,33.33333333,53.33333333,51.35135135,96.43644481,283.1277126,1
598019,0,5,1,0,53.38983051,47.01492537,60,53.96825397,53.7037037,146.4612344,119.7912837,0
598019,0,4,0,1,47.01492537,53.38983051,40,59.375,40.57971014,119.7912837,146.4612344,1
598020,1,3,0,0,60.30534351,26.08695652,66.66666667,36.36363636,41.55844156,122.0963497,265.7467249,0
598020,1,10,1,1,26.08695652,60.30534351,33.33333333,15,30,265.7467249,122.0963497,1
598021,1,4,0,1,47.01492537,51.51515152,31.57894737,59.375,40.57971014,130.6052294,194.0184508,0
598021,1,1,1,0,51.51515152,47.01492537,68.42105263,55.07246377,56.4516129,194.0184508,130.6052294,1
598022,0,2,1,0,50.35971223,42.10526316,58.82352941,54.09836066,56.4516129,261.6148218,257.2073908,0
598022,0,6,0,1,42.10526316,50.35971223,41.17647059,56.25,31.57894737,257.2073908,261.6148218,1
598023,1,10,1,0,26.08695652,54.83870968,0,15,70,133.7806826,95.2096675,0
598023,1,11,0,1,54.83870968,26.08695652,100,53.33333333,48.64864865,95.2096675,133.7806826,1
598024,0,5,1,1,53.38983051,57.14285714,37.5,53.96825397,46.2962963,250.4828676,68.89554086,0
598024,0,7,0,0,57.14285714,53.38983051,62.5,44.59459459,43.42105263,68.89554086,250.4828676,1
598025,1,6,0,0,42.10526316,60.30534351,31.25,56.25,68.42105263,91.46838889,242.5193261,0
598025,1,3,1,1,60.30534351,42.10526316,68.75,63.63636364,58.44155844,242.5193261,91.46838889,1
598026,1,11,0,0,54.83870968,47.01492537,75,53.33333333,51.35135135,122.2864457,127.2688528,0
598026,1,4,1,1,47.01492537,54.83870968,25,40.625,40.57971014,127.2688528,122.2864457,1
598027,1,1,1,1,51.51515152,60.30534351,37.5,55.07246377,43.5483871,117.1950585,73.22511012,0
598027,1,3,0,0,60.30534351,51.51515152,62.5,36.36363636,41.55844156,73.22511012,117.1950585,1
598028,0,2,1,0,50.35971223,53.38983051,50,54.09836066,56.4516129,118.0514441,158.4235651,0
598028,0,5,0,1,53.38983051,50.35971223,50,46.03174603,46.2962963,158.4235651,118.0514441,1
598029,1,6,0,0,42.10526316,57.14285714,50,56.25,68.42105263,297.5225856,285.5938496,0
598029,1,7,1,1,57.14285714,42.10526316,50,55.40540541,56.57894737,285.5938496,297.5225856,1
598030,0,4,1,0,47.01492537,26.08695652,50,40.625,59.42028986,358.6435909,339.4680582,0
598030,0,10,0,1,26.08695652,47.01492537,50,85,30,339.4680582,358.6435909,1
598031,1,3,0,0,60.30534351,53.38983051,64.70588235,36.36363636,41.55844156,368.4099665,459.8876079,0
598031,1,5,1,1,53.38983051,60.30534351,35.29411765,53.96825397,46.2962963,459.8876079,368.4099665,1
598032,1,2,0,1,50.35971223,26.08695652,100,45.90163934,43.5483871,906.9471714,235.1712757,0
598032,1,10,1,0,26.08695652,50.35971223,0,15,70,235.1712757,906.9471714,1
598033,1,4,0,1,47.01492537,42.10526316,55.55555556,59.375,40.57971014,403.1789128,271.1494116,0
598033,1,6,1,0,42.10526316,47.01492537,44.44444444,43.75,68.42105263,271.1494116,403.1789128,1
598034,1,1,1,1,51.51515152,57.14285714,27.77777778,55.07246377,43.5483871,291.7435701,370.7438247,0
598034,1,7,0,0,57.14285714,51.51515152,72.22222222,44.59459459,43.42105263,370.7438247,291.7435701,1
598035,1,3,0,0,60.30534351,54.83870968,66.66666667,36.36363636,41.55844156,410.7766184,391.2563385,0
598035,1,11,1,1,54.83870968,60.30534351,33.33333333,46.66666667,48.64864865,391.2563385,410.7766184,1
598036,1,1,0,0,51.51515152,47.01492537,68.42105263,44.92753623,56.4516129,348.9849521,280.0083578,0
598036,1,4,1,1,47.01492537,51.51515152,31.57894737,40.625,40.57971014,280.0083578,348.9849521,1
598037,1,5,0,0,53.38983051,54.83870968,57.14285714,46.03174603,53.7037037,567.5164762,160.2177227,0
598037,1,11,1,1,54.83870968,53.38983051,42.85714286,46.66666667,48.64864865,160.2177227,567.5164762,1
598038,0,7,1,1,57.14285714,50.35971223,57.89473684,55.40540541,56.57894737,397.9363497,253.9663548,0
598038,0,2,0,0,50.35971223,57.14285714,42.10526316,45.90163934,56.4516129,253.9663548,397.9363497,1
598039,1,3,0,1,60.30534351,51.51515152,62.5,36.36363636,58.44155844,397.4879272,321.58821,0
598039,1,1,1,0,51.51515152,60.30534351,37.5,55.07246377,56.4516129,321.58821,397.4879272,1
598040,0,6,0,1,42.10526316,26.08695652,50,56.25,31.57894737,387.2243259,305.7671502,0
598040,0,10,1,0,26.08695652,42.10526316,50,15,70,305.7671502,387.2243259,1
598041,1,5,1,0,53.38983051,50.35971223,43.75,53.96825397,53.7037037,464.0385507,302.1726723,0
598041,1,2,0,1,50.35971223,53.38983051,56.25,45.90163934,43.5483871,302.1726723,464.0385507,1
598042,0,7,1,1,57.14285714,47.01492537,50,55.40540541,56.57894737,569.3867855,247.1663132,0
598042,0,4,0,0,47.01492537,57.14285714,50,59.375,59.42028986,247.1663132,569.3867855,1
598043,1,10,0,0,26.08695652,60.30534351,33.33333333,85,70,116.6102049,550.0709595,0
598043,1,3,1,1,60.30534351,26.08695652,66.66666667,63.63636364,58.44155844,550.0709595,116.6102049,1
598044,1,11,0,0,54.83870968,57.14285714,50,53.33333333,51.35135135,269.2020083,185.0848111,0
598044,1,7,1,1,57.14285714,54.83870968,50,55.40540541,56.57894737,185.0848111,269.2020083,1
598045,0,6,0,0,42.10526316,51.51515152,41.17647059,56.25,68.42105263,457.4967119,151.2715237,0
598045,0,1,1,1,51.51515152,42.10526316,58.82352941,55.07246377,43.5483871,151.2715237,457.4967119,1
598046,1,3,1,1,60.30534351,47.01492537,58.82352941,63.63636364,58.44155844,478.6425673,368.288393,0
598046,1,4,0,0,47.01492537,60.30534351,41.17647059,59.375,59.42028986,368.288393,478.6425673,1
598047,0,10,0,0,26.08695652,50.35971223,0,85,70,269.3573639,507.6938274,0
598047,0,2,1,1,50.35971223,26.08695652,100,54.09836066,43.5483871,507.6938274,269.3573639,1
598048,1,1,0,0,51.51515152,53.38983051,40,44.92753623,56.4516129,306.5380246,183.0361818,0
598048,1,5,1,1,53.38983051,51.51515152,60,53.96825397,46.2962963,183.0361818,306.5380246,1
598049,1,11,0,0,54.83870968,42.10526316,62.5,53.33333333,51.35135135,336.7285461,158.2907394,0
598049,1,6,1,1,42.10526316,54.83870968,37.5,43.75,31.57894737,158.2907394,336.7285461,1
598050,1,2,0,1,50.35971223,47.01492537,44.44444444,45.90163934,43.5483871,312.5322976,421.514108,0
598050,1,4,1,0,47.01492537,50.35971223,55.55555556,40.625,59.42028986,421.514108,312.5322976,1
598051,1,7,1,1,57.14285714,60.30534351,54.54545455,55.40540541,56.57894737,377.7179714,124.3893351,0
598051,1,3,0,0,60.30534351,57.14285714,45.45454545,36.36363636,41.55844156,124.3893351,377.7179714,1
598052,0,5,0,0,53.38983051,26.08695652,80,46.03174603,53.7037037,409.3467244,306.1852102,0
598052,0,10,1,1,26.08695652,53.38983051,20,15,30,306.1852102,409.3467244,1
598053,1,2,0,0,50.35971223,54.83870968,44.44444444,45.90163934,56.4516129,404.6271828,236.6641762,0
598053,1,11,1,1,54.83870968,50.35971223,55.55555556,46.66666667,48.64864865,236.6641762,404.6271828,1
598054,1,5,0,0,53.38983051,42.10526316,62.5,46.03174603,53.7037037,323.2936549,226.4699219,0
598054,1,6,1,1,42.10526316,53.38983051,37.5,43.75,31.57894737,226.4699219,323.2936549,1
598055,0,7,1,1,57.14285714,51.51515152,72.22222222,55.40540541,56.57894737,462.0871653,244.252648,0
598055,0,1,0,0,51.51515152,57.14285714,27.77777778,44.92753623,56.4516129,244.252648,462.0871653,1
598056,1,11,1,0,54.83870968,60.30534351,33.33333333,46.66666667,51.35135135,144.1381743,578.4695884,0
598056,1,3,0,1,60.30534351,54.83870968,66.66666667,36.36363636,58.44155844,578.4695884,144.1381743,1
598057,1,4,0,1,47.01492537,53.38983051,40,59.375,40.57971014,187.9530949,332.0642939,0
598057,1,5,1,0,53.38983051,47.01492537,60,53.96825397,53.7037037,332.0642939,187.9530949,1
598058,0,10,0,0,26.08695652,51.51515152,20,85,70,301.1907323,435.1874447,0
598058,0,1,1,1,51.51515152,26.08695652,80,55.07246377,43.5483871,435.1874447,301.1907323,1
598059,1,6,1,0,42.10526316,50.35971223,35.29411765,43.75,68.42105263,272.5931999,473.171353,0
598059,1,2,0,1,50.35971223,42.10526316,64.70588235,45.90163934,43.5483871,473.171353,272.5931999,1
598060,1,10,1,1,26.08695652,57.14285714,16.66666667,15,30,197.1911289,327.855119,0
598060,1,7,0,0,57.14285714,26.08695652,83.33333333,44.59459459,43.42105263,327.855119,197.1911289,1
598061,0,4,1,0,47.01492537,54.83870968,25,40.625,59.42028986,266.2418917,409.6579696,0
598061,0,11,0,1,54.83870968,47.01492537,75,53.33333333,48.64864865,409.6579696,266.2418917,1
598062,1,1,1,0,51.51515152,50.35971223,50,55.07246377,56.4516129,374.334349,218.0000821,0
598062,1,2,0,1,50.35971223,51.51515152,50,45.90163934,43.5483871,218.0000821,374.334349,1
598063,0,5,1,0,53.38983051,60.30534351,35.29411765,53.96825397,53.7037037,337.313212,243.9941659,0
598063,0,3,0,1,60.30534351,53.38983051,64.70588235,36.36363636,58.44155844,243.9941659,337.313212,1
598064,1,6,0,1,42.10526316,47.01492537,44.44444444,56.25,31.57894737,231.924179,330.4202013,0
598064,1,4,1,0,47.01492537,42.10526316,55.55555556,40.625,59.42028986,330.4202013,231.924179,1
598065,1,7,0,0,57.14285714,54.83870968,50,44.59459459,43.42105263,409.7918143,339.6950551,0
598065,1,11,1,1,54.83870968,57.14285714,50,46.66666667,48.64864865,339.6950551,409.7918143,1
598066,1,1,1,0,51.51515152,26.08695652,80,55.07246377,56.4516129,296.3839112,418.8341784,0
598066,1,10,0,1,26.08695652,51.51515152,20,85,30,418.8341784,296.3839112,1
598067,1,3,1,1,60.30534351,42.10526316,68.75,63.63636364,58.44155844,456.2619039,185.5363074,0
598067,1,6,0,0,42.10526316,60.30534351,31.25,56.25,68.42105263,185.5363074,456.2619039,1
598068,1,7,0,1,57.14285714,53.38983051,62.5,44.59459459,56.57894737,377.6128165,393.5670084,0
598068,1,5,1,0,53.38983051,57.14285714,37.5,53.96825397,53.7037037,393.5670084,377.6128165,1
598069,1,4,1,0,47.01492537,50.35971223,55.55555556,40.625,59.42028986,497.5273753,382.5569177,0
598069,1,2,0,1,50.35971223,47.01492537,44.44444444,45.90163934,43.5483871,382.5569177,497.5273753,1
598070,1,11,1,1,54.83870968,53.38983051,42.85714286,46.66666667,48.64864865,359.7359555,359.9887426,0
598070,1,5,0,0,53.38983051,54.83870968,57.14285714,46.03174603,53.7037037,359.9887426,359.7359555,1
598071,1,4,0,1,47.01492537,57.14285714,50,59.375,40.57971014,506.7481125,286.5216849,0
598071,1,7,1,0,57.14285714,47.01492537,50,55.40540541,43.42105263,286.5216849,506.7481125,1
598072,1,10,1,1,26.08695652,42.10526316,33.33333333,15,30,511.6302263,228.6162557,0
598072,1,6,0,0,42.10526316,26.08695652,66.66666667,56.25,68.42105263,228.6162557,511.6302263,1
598073,1,2,0,1,50.35971223,60.30534351,36.84210526,45.90163934,43.5483871,416.4228845,136.3627265,0
598073,1,3,1,0,60.30534351,50.35971223,63.15789474,63.63636364,41.55844156,136.3627265,416.4228845,1
598074,1,11,0,0,54.83870968,51.51515152,33.33333333,53.33333333,51.35135135,351.1632847,244.7813312,0
598074,1,1,1,1,51.51515152,54.83870968,66.66666667,55.07246377,43.5483871,244.7813312,351.1632847,1
598075,1,3,1,1,60.30534351,57.14285714,45.45454545,63.63636364,58.44155844,664.5431167,242.5565638,0
598075,1,7,0,0,57.14285714,60.30534351,54.54545455,44.59459459,43.42105263,242.5565638,664.5431167,1
598076,1,5,0,0,53.38983051,54.83870968,57.14285714,46.03174603,53.7037037,381.2965072,258.4603101,0
598076,1,11,1,1,54.83870968,53.38983051,42.85714286,46.66666667,48.64864865,258.4603101,381.2965072,1
598077,1,7,0,0,57.14285714,53.38983051,62.5,44.59459459,43.42105263,318.968183,302.5510466,0
598077,1,5,1,1,53.38983051,57.14285714,37.5,53.96825397,46.2962963,302.5510466,318.968183,1
598078,1,3,0,0,60.30534351,57.14285714,45.45454545,36.36363636,41.55844156,368.808043,413.3301313,0
598078,1,7,1,1,57.14285714,60.30534351,54.54545455,55.40540541,56.57894737,413.3301313,368.808043,1
729284,1,7,0,0,57.14285714,51.51515152,72.22222222,44.59459459,43.42105263,288.7292352,486.8895501,0
729284,1,1,1,1,51.51515152,57.14285714,27.77777778,55.07246377,43.5483871,486.8895501,288.7292352,1
729286,1,6,0,1,42.10526316,50.35971223,35.29411765,56.25,31.57894737,209.1436275,336.0141219,0
729286,1,2,1,0,50.35971223,42.10526316,64.70588235,54.09836066,56.4516129,336.0141219,209.1436275,1
729288,1,3,1,1,60.30534351,47.01492537,58.82352941,63.63636364,58.44155844,344.9023695,498.5928785,0
729288,1,4,0,0,47.01492537,60.30534351,41.17647059,59.375,59.42028986,498.5928785,344.9023695,1
729290,0,11,0,1,54.83870968,53.38983051,42.85714286,53.33333333,48.64864865,291.040596,334.4828545,0
729290,0,5,1,0,53.38983051,54.83870968,57.14285714,53.96825397,53.7037037,334.4828545,291.040596,1
729292,1,2,1,0,50.35971223,57.14285714,42.10526316,54.09836066,56.4516129,392.9321882,140.9946997,0
729292,1,7,0,1,57.14285714,50.35971223,57.89473684,44.59459459,56.57894737,140.9946997,392.9321882,1
729294,0,1,1,1,51.51515152,42.10526316,58.82352941,55.07246377,43.5483871,312.2898032,358.714739,0
729294,0,6,0,0,42.10526316,51.51515152,41.17647059,56.25,68.42105263,358.714739,312.2898032,1
729296,1,5,0,1,53.38983051,47.01492537,60,46.03174603,46.2962963,391.7007343,525.0975681,0
729296,1,4,1,0,47.01492537,53.38983051,40,40.625,59.42028986,525.0975681,391.7007343,1
729298,1,3,1,1,60.30534351,42.10526316,68.75,63.63636364,58.44155844,489.8449633,255.0291182,0
729298,1,6,0,0,42.10526316,60.30534351,31.25,56.25,68.42105263,255.0291182,489.8449633,1
729300,1,4,0,1,47.01492537,54.83870968,25,59.375,40.57971014,607.7557897,268.9631262,0
729300,1,11,1,0,54.83870968,47.01492537,75,46.66666667,51.35135135,268.9631262,607.7557897,1
729302,1,5,1,0,53.38983051,60.30534351,35.29411765,53.96825397,53.7037037,228.4113062,468.5150033,0
729302,1,3,0,1,60.30534351,53.38983051,64.70588235,36.36363636,58.44155844,468.5150033,228.4113062,1
729304,1,2,1,0,50.35971223,51.51515152,50,54.09836066,56.4516129,363.513371,253.6553571,0
729304,1,1,0,1,51.51515152,50.35971223,50,44.92753623,43.5483871,253.6553571,363.513371,1
729306,1,11,1,1,54.83870968,42.10526316,62.5,46.66666667,48.64864865,431.2990371,309.1524507,0
729306,1,6,0,0,42.10526316,54.83870968,37.5,56.25,68.42105263,309.1524507,431.2990371,1
729308,0,3,0,0,60.30534351,57.14285714,45.45454545,36.36363636,41.55844156,437.6700692,263.963206,0
729308,0,7,1,1,57.14285714,60.30534351,54.54545455,55.40540541,56.57894737,263.963206,437.6700692,1
729310,1,5,1,0,53.38983051,50.35971223,43.75,53.96825397,53.7037037,342.4012808,116.1033418,0
729310,1,2,0,1,50.35971223,53.38983051,56.25,45.90163934,43.5483871,116.1033418,342.4012808,1
729312,0,1,1,0,51.51515152,47.01492537,68.42105263,55.07246377,56.4516129,318.9034604,361.2289908,0
729312,0,4,0,1,47.01492537,51.51515152,31.57894737,59.375,40.57971014,361.2289908,318.9034604,1
729314,1,6,0,0,42.10526316,57.14285714,50,56.25,68.42105263,325.4123676,150.0509134,0
729314,1,7,1,1,57.14285714,42.10526316,50,55.40540541,56.57894737,150.0509134,325.4123676,1
729316,0,11,1,1,54.83870968,60.30534351,33.33333333,46.66666667,48.64864865,226.2537847,284.0377798,0
729316,0,3,0,0,60.30534351,54.83870968,66.66666667,36.36363636,41.55844156,284.0377798,226.2537847,1
729318,1,4,1,0,47.01492537,50.35971223,55.55555556,40.625,59.42028986,300.5515022,251.926922,0
729318,1,2,0,1,50.35971223,47.01492537,44.44444444,45.90163934,43.5483871,251.926922,300.5515022,1
729320,1,1,0,0,51.51515152,53.38983051,40,44.92753623,56.4516129,244.8567903,519.4820207,0
729320,1,5,1,1,53.38983051,51.51515152,60,53.96825397,46.2962963,519.4820207,244.8567903,1
729322,1,7,1,0,57.14285714,54.83870968,50,55.40540541,43.42105263,303.3587865,404.4224128,0
729322,1,11,0,1,54.83870968,57.14285714,50,53.33333333,48.64864865,404.4224128,303.3587865,1
733976,1,3,1,1,60.30534351,51.51515152,62.5,63.63636364,58.44155844,474.7654607,185.4808204,0
733976,1,1,0,0,51.51515152,60.30534351,37.5,44.92753623,56.4516129,185.4808204,474.7654607,1
733978,1,7,0,0,57.14285714,47.01492537,50,44.59459459,43.42105263,377.3951726,332.9551841,0
733978,1,4,1,1,47.01492537,57.14285714,50,40.625,40.57971014,332.9551841,377.3951726,1
733980,0,6,0,1,42.10526316,53.38983051,37.5,56.25,31.57894737,255.172662,360.3833477,0
733980,0,5,1,0,53.38983051,42.10526316,62.5,53.96825397,53.7037037,360.3833477,255.172662,1
733982,1,2,1,0,50.35971223,54.83870968,44.44444444,54.09836066,56.4516129,418.9789172,345.993139,0
733982,1,11,0,1,54.83870968,50.35971223,55.55555556,53.33333333,48.64864865,345.993139,418.9789172,1
733984,1,5,0,1,53.38983051,51.51515152,60,46.03174603,46.2962963,318.7695115,343.4576589,0
733984,1,1,1,0,51.51515152,53.38983051,40,55.07246377,56.4516129,343.4576589,318.7695115,1
733986,0,6,0,1,42.10526316,60.30534351,31.25,56.25,31.57894737,252.8856919,415.6475842,0
733986,0,3,1,0,60.30534351,42.10526316,68.75,63.63636364,41.55844156,415.6475842,252.8856919,1
733988,1,7,0,1,57.14285714,50.35971223,57.89473684,44.59459459,56.57894737,408.1978415,288.1847622,0
733988,1,2,1,0,50.35971223,57.14285714,42.10526316,54.09836066,56.4516129,288.1847622,408.1978415,1
733990,1,6,1,1,42.10526316,51.51515152,41.17647059,43.75,31.57894737,239.5585409,373.4353088,0
733990,1,1,0,0,51.51515152,42.10526316,58.82352941,44.92753623,56.4516129,373.4353088,239.5585409,1
733992,0,4,0,1,47.01492537,60.30534351,41.17647059,59.375,40.57971014,579.096343,329.809647,0
733992,0,3,1,0,60.30534351,47.01492537,58.82352941,63.63636364,41.55844156,329.809647,579.096343,1
733994,1,5,1,0,53.38983051,54.83870968,57.14285714,53.96825397,53.7037037,288.4969595,452.6119881,0
733994,1,11,0,1,54.83870968,53.38983051,42.85714286,53.33333333,48.64864865,452.6119881,288.4969595,1
733996,1,2,1,0,50.35971223,47.01492537,44.44444444,54.09836066,56.4516129,398.0799266,545.4441593,0
733996,1,4,0,1,47.01492537,50.35971223,55.55555556,59.375,40.57971014,545.4441593,398.0799266,1
733998,1,6,0,1,42.10526316,54.83870968,37.5,56.25,31.57894737,189.4986465,325.4292304,0
733998,1,11,1,0,54.83870968,42.10526316,62.5,46.66666667,51.35135135,325.4292304,189.4986465,1
734000,0,7,0,1,57.14285714,60.30534351,54.54545455,44.59459459,56.57894737,336.8076965,370.3374519,0
734000,0,3,1,0,60.30534351,57.14285714,45.45454545,63.63636364,41.55844156,370.3374519,336.8076965,1
734002,1,4,0,1,47.01492537,51.51515152,31.57894737,59.375,40.57971014,181.9486494,420.853065,0
734002,1,1,1,0,51.51515152,47.01492537,68.42105263,55.07246377,56.4516129,420.853065,181.9486494,1
734004,0,2,1,1,50.35971223,53.38983051,50,54.09836066,43.5483871,369.5230898,390.3528371,0
734004,0,5,0,0,53.38983051,50.35971223,50,46.03174603,53.7037037,390.3528371,369.5230898,1
734006,1,11,1,1,54.83870968,57.14285714,50,46.66666667,48.64864865,322.5184793,348.5511589,0
734006,1,7,0,0,57.14285714,54.83870968,50,44.59459459,43.42105263,348.5511589,322.5184793,1
734008,1,3,0,0,60.30534351,53.38983051,64.70588235,36.36363636,41.55844156,332.5382003,259.0202158,0
734008,1,5,1,1,53.38983051,60.30534351,35.29411765,53.96825397,46.2962963,259.0202158,332.5382003,1
734010,0,2,0,1,50.35971223,42.10526316,58.82352941,45.90163934,43.5483871,489.6149784,285.6961622,0
734010,0,6,1,0,42.10526316,50.35971223,41.17647059,43.75,68.42105263,285.6961622,489.6149784,1
734012,1,11,0,1,54.83870968,47.01492537,75,53.33333333,48.64864865,433.5173795,534.0746617,0
734012,1,4,1,0,47.01492537,54.83870968,25,40.625,59.42028986,534.0746617,433.5173795,1
734014,0,1,1,0,51.51515152,57.14285714,27.77777778,55.07246377,56.4516129,317.0608835,228.0740352,0
734014,0,7,0,1,57.14285714,51.51515152,72.22222222,44.59459459,56.57894737,228.0740352,317.0608835,1
734016,1,5,0,1,53.38983051,42.10526316,62.5,46.03174603,46.2962963,367.1524325,287.3761082,0
734016,1,6,1,0,42.10526316,53.38983051,37.5,43.75,68.42105263,287.3761082,367.1524325,1
734018,1,3,1,1,60.30534351,50.35971223,63.15789474,63.63636364,58.44155844,246.4771098,249.4057186,0
734018,1,2,0,0,50.35971223,60.30534351,36.84210526,45.90163934,56.4516129,249.4057186,246.4771098,1
734020,0,11,1,1,54.83870968,51.51515152,33.33333333,46.66666667,48.64864865,231.5927201,447.6113903,0
734020,0,1,0,0,51.51515152,54.83870968,66.66666667,44.92753623,56.4516129,447.6113903,231.5927201,1
734022,1,5,0,0,53.38983051,57.14285714,37.5,46.03174603,53.7037037,210.3496862,519.510077,0
734022,1,7,1,1,57.14285714,53.38983051,62.5,55.40540541,56.57894737,519.510077,210.3496862,1
734024,0,6,0,1,42.10526316,47.01492537,44.44444444,56.25,31.57894737,326.4823008,306.2322644,0
734024,0,4,1,0,47.01492537,42.10526316,55.55555556,40.625,59.42028986,306.2322644,326.4823008,1
734026,1,11,0,0,54.83870968,50.35971223,55.55555556,53.33333333,51.35135135,412.0279547,304.5268196,0
734026,1,2,1,1,50.35971223,54.83870968,44.44444444,54.09836066,43.5483871,304.5268196,412.0279547,1
734028,0,1,1,0,51.51515152,60.30534351,37.5,55.07246377,56.4516129,274.0511234,224.6382491,0
734028,0,3,0,1,60.30534351,51.51515152,62.5,36.36363636,58.44155844,224.6382491,274.0511234,1
734030,1,4,0,1,47.01492537,57.14285714,50,59.375,40.57971014,210.2269929,474.3812303,0
734030,1,7,1,0,57.14285714,47.01492537,50,55.40540541,43.42105263,474.3812303,210.2269929,1
734032,1,1,0,1,51.51515152,50.35971223,50,44.92753623,43.5483871,380.1310828,254.7377736,0
734032,1,2,1,0,50.35971223,51.51515152,50,54.09836066,56.4516129,254.7377736,380.1310828,1
734034,0,3,0,1,60.30534351,54.83870968,66.66666667,36.36363636,58.44155844,390.7850659,428.034426,0
734034,0,11,1,0,54.83870968,60.30534351,33.33333333,46.66666667,51.35135135,428.034426,390.7850659,1
734036,1,7,0,1,57.14285714,42.10526316,50,44.59459459,56.57894737,321.0631651,529.5491916,0
734036,1,6,1,0,42.10526316,57.14285714,50,43.75,68.42105263,529.5491916,321.0631651,1
734038,0,4,0,1,47.01492537,53.38983051,40,59.375,40.57971014,439.7550873,202.4318095,0
734038,0,5,1,0,53.38983051,47.01492537,60,53.96825397,53.7037037,202.4318095,439.7550873,1
734040,1,2,0,1,50.35971223,60.30534351,36.84210526,45.90163934,43.5483871,224.2822312,381.9805216,0
734040,1,3,1,0,60.30534351,50.35971223,63.15789474,63.63636364,41.55844156,381.9805216,224.2822312,1
734042,0,1,1,0,51.51515152,54.83870968,66.66666667,55.07246377,56.4516129,524.7273155,334.0327518,0
734042,0,11,0,1,54.83870968,51.51515152,33.33333333,53.33333333,48.64864865,334.0327518,524.7273155,1
734044,1,4,1,0,47.01492537,42.10526316,55.55555556,40.625,59.42028986,404.0968784,197.1040578,0
734044,1,6,0,1,42.10526316,47.01492537,44.44444444,56.25,31.57894737,197.1040578,404.0968784,1
734046,0,7,1,0,57.14285714,53.38983051,62.5,55.40540541,43.42105263,546.5444779,442.2506874,0
734046,0,5,0,1,53.38983051,57.14285714,37.5,46.03174603,46.2962963,442.2506874,546.5444779,1
734048,1,4,1,0,47.01492537,51.51515152,31.57894737,40.625,59.42028986,332.2373266,364.1098861,0
734048,1,1,0,1,51.51515152,47.01492537,68.42105263,44.92753623,43.5483871,364.1098861,332.2373266,1
734050,1,3,1,0,60.30534351,57.14285714,45.45454545,63.63636364,41.55844156,486.0995744,292.0089153,0
734050,1,7,0,1,57.14285714,60.30534351,54.54545455,44.59459459,56.57894737,292.0089153,486.0995744,1
734052,1,3,1,0,60.30534351,47.01492537,58.82352941,63.63636364,41.55844156,527.1309765,612.959848,0
734052,1,4,0,1,47.01492537,60.30534351,41.17647059,59.375,40.57971014,612.959848,527.1309765,1
734054,1,1,1,0,51.51515152,47.01492537,68.42105263,55.07246377,56.4516129,360.1721339,661.4424025,0
734054,1,4,0,1,47.01492537,51.51515152,31.57894737,59.375,40.57971014,661.4424025,360.1721339,1
829710,1,1,1,0,51.51515152,57.14285714,27.77777778,55.07246377,56.4516129,362.3949903,322.1061184,0
829710,1,7,0,1,57.14285714,51.51515152,72.22222222,44.59459459,56.57894737,322.1061184,362.3949903,1
829712,1,3,0,1,60.30534351,42.10526316,68.75,36.36363636,58.44155844,403.7098422,339.6902627,0
829712,1,6,1,0,42.10526316,60.30534351,31.25,43.75,68.42105263,339.6902627,403.7098422,1
829714,1,4,1,0,47.01492537,53.38983051,40,40.625,59.42028986,258.3115762,305.6515673,0
829714,1,5,0,1,53.38983051,47.01492537,60,46.03174603,46.2962963,305.6515673,258.3115762,1
829716,1,3,1,1,60.30534351,54.83870968,66.66666667,63.63636364,58.44155844,536.0868595,266.3976739,0
829716,1,11,0,0,54.83870968,60.30534351,33.33333333,53.33333333,51.35135135,266.3976739,536.0868595,1
829718,0,1,0,1,51.51515152,50.35971223,50,44.92753623,43.5483871,317.2453417,441.2323975,0
829718,0,2,1,0,50.35971223,51.51515152,50,54.09836066,56.4516129,441.2323975,317.2453417,1
829720,1,6,0,1,42.10526316,53.38983051,37.5,56.25,31.57894737,468.3600233,294.1855824,0
829720,1,5,1,0,53.38983051,42.10526316,62.5,53.96825397,53.7037037,294.1855824,468.3600233,1
829722,0,7,1,0,57.14285714,47.01492537,50,55.40540541,43.42105263,173.8074827,457.9629801,0
829722,0,4,0,1,47.01492537,57.14285714,50,59.375,40.57971014,457.9629801,173.8074827,1
829724,1,2,0,1,50.35971223,54.83870968,44.44444444,45.90163934,43.5483871,167.3979493,487.472668,0
829724,1,11,1,0,54.83870968,50.35971223,55.55555556,46.66666667,51.35135135,487.472668,167.3979493,1
829726,1,5,0,0,53.38983051,57.14285714,37.5,46.03174603,53.7037037,343.0350766,339.7134634,0
829726,1,7,1,1,57.14285714,53.38983051,62.5,55.40540541,56.57894737,339.7134634,343.0350766,1
829728,1,1,1,0,51.51515152,60.30534351,37.5,55.07246377,56.4516129,415.3620503,168.0591774,0
829728,1,3,0,1,60.30534351,51.51515152,62.5,36.36363636,58.44155844,168.0591774,415.3620503,1
829730,1,4,1,1,47.01492537,42.10526316,55.55555556,40.625,40.57971014,306.8628157,394.2314913,0
829730,1,6,0,0,42.10526316,47.01492537,44.44444444,56.25,68.42105263,394.2314913,306.8628157,1
829732,1,11,0,1,54.83870968,53.38983051,42.85714286,53.33333333,48.64864865,184.1581336,256.8194185,0
829732,1,5,1,0,53.38983051,54.83870968,57.14285714,53.96825397,53.7037037,256.8194185,184.1581336,1
829734,1,7,1,1,57.14285714,60.30534351,54.54545455,55.40540541,56.57894737,355.862845,488.3903796,0
829734,1,3,0,0,60.30534351,57.14285714,45.45454545,36.36363636,41.55844156,488.3903796,355.862845,1
829736,1,11,0,0,54.83870968,42.10526316,62.5,53.33333333,51.35135135,239.5138702,383.9547989,0
829736,1,6,1,1,42.10526316,54.83870968,37.5,43.75,31.57894737,383.9547989,239.5138702,1
829738,0,4,0,1,47.01492537,51.51515152,31.57894737,59.375,40.57971014,344.2684531,382.6905088,0
829738,0,1,1,0,51.51515152,47.01492537,68.42105263,55.07246377,56.4516129,382.6905088,344.2684531,1
829740,1,5,0,0,53.38983051,60.30534351,35.29411765,46.03174603,53.7037037,375.3343715,133.7884599,0
829740,1,3,1,1,60.30534351,53.38983051,64.70588235,63.63636364,58.44155844,133.7884599,375.3343715,1
829742,0,2,1,0,50.35971223,57.14285714,42.10526316,54.09836066,56.4516129,393.1479484,442.013077,0
829742,0,7,0,1,57.14285714,50.35971223,57.89473684,44.59459459,56.57894737,442.013077,393.1479484,1
829744,1,6,0,1,42.10526316,51.51515152,41.17647059,56.25,31.57894737,235.3899163,412.9391554,0
829744,1,1,1,0,51.51515152,42.10526316,58.82352941,55.07246377,56.4516129,412.9391554,235.3899163,1
829746,1,5,0,1,53.38983051,47.01492537,60,46.03174603,46.2962963,491.745885,530.4560934,0
829746,1,4,1,0,47.01492537,53.38983051,40,40.625,59.42028986,530.4560934,491.745885,1
829748,1,11,0,1,54.83870968,51.51515152,33.33333333,53.33333333,48.64864865,357.415036,240.3099068,0
829748,1,1,1,0,51.51515152,54.83870968,66.66666667,55.07246377,56.4516129,240.3099068,357.415036,1
829750,0,2,1,0,50.35971223,60.30534351,36.84210526,54.09836066,56.4516129,384.3409257,536.713352,0
829750,0,3,0,1,60.30534351,50.35971223,63.15789474,36.36363636,58.44155844,536.713352,384.3409257,1
829752,1,6,0,1,42.10526316,57.14285714,50,56.25,31.57894737,572.0127988,244.762285,0
829752,1,7,1,0,57.14285714,42.10526316,50,55.40540541,43.42105263,244.762285,572.0127988,1
829754,1,5,0,1,53.38983051,50.35971223,43.75,46.03174603,46.2962963,133.8868759,413.7286388,0
829754,1,2,1,0,50.35971223,53.38983051,56.25,54.09836066,56.4516129,413.7286388,133.8868759,1
829756,1,7,1,1,57.14285714,54.83870968,50,55.40540541,56.57894737,432.8508564,350.574609,0
829756,1,11,0,0,54.83870968,57.14285714,50,53.33333333,51.35135135,350.574609,432.8508564,1
829758,0,3,1,1,60.30534351,47.01492537,58.82352941,63.63636364,58.44155844,507.008917,122.4781654,0
829758,0,4,0,0,47.01492537,60.30534351,41.17647059,59.375,59.42028986,122.4781654,507.008917,1
829762,1,6,0,1,42.10526316,50.35971223,35.29411765,56.25,31.57894737,20.90532312,449.3125505,0
829762,1,2,1,0,50.35971223,42.10526316,64.70588235,54.09836066,56.4516129,449.3125505,20.90532312,1
829764,1,4,1,0,47.01492537,54.83870968,25,40.625,59.42028986,270.9856151,429.9180074,0
829764,1,11,0,1,54.83870968,47.01492537,75,53.33333333,48.64864865,429.9180074,270.9856151,1
829766,1,1,1,1,51.51515152,42.10526316,58.82352941,55.07246377,43.5483871,396.3810618,354.3583587,0
829766,1,6,0,0,42.10526316,51.51515152,41.17647059,56.25,68.42105263,354.3583587,396.3810618,1
829768,1,2,0,1,50.35971223,53.38983051,50,45.90163934,43.5483871,252.5883387,161.5,0
829768,1,5,1,0,53.38983051,50.35971223,50,53.96825397,53.7037037,161.5,252.5883387,1
829770,1,3,0,1,60.30534351,51.51515152,62.5,36.36363636,58.44155844,350.5717352,296.8718748,0
829770,1,1,1,0,51.51515152,60.30534351,37.5,55.07246377,56.4516129,296.8718748,350.5717352,1
829772,1,6,1,0,42.10526316,47.01492537,44.44444444,43.75,68.42105263,441.0611224,97.84841296,0
829772,1,4,0,1,47.01492537,42.10526316,55.55555556,59.375,40.57971014,97.84841296,441.0611224,1
829774,0,7,0,1,57.14285714,53.38983051,62.5,44.59459459,56.57894737,479.5666094,357.6984569,0
829774,0,5,1,0,53.38983051,57.14285714,37.5,53.96825397,53.7037037,357.6984569,479.5666094,1
829776,1,2,1,0,50.35971223,51.51515152,50,54.09836066,56.4516129,312.7183328,156.4079153,0
829776,1,1,0,1,51.51515152,50.35971223,50,44.92753623,43.5483871,156.4079153,312.7183328,1
829778,0,11,0,1,54.83870968,60.30534351,33.33333333,53.33333333,48.64864865,378.1745826,283.894714,0
829778,0,3,1,0,60.30534351,54.83870968,66.66666667,63.63636364,41.55844156,283.894714,378.1745826,1
829780,1,4,0,0,47.01492537,57.14285714,50,59.375,59.42028986,211.1261484,551.5557054,0
829780,1,7,1,1,57.14285714,47.01492537,50,55.40540541,56.57894737,551.5557054,211.1261484,1
829782,0,5,0,1,53.38983051,42.10526316,62.5,46.03174603,46.2962963,457.3721671,260.3019401,0
829782,0,6,1,0,42.10526316,53.38983051,37.5,43.75,68.42105263,260.3019401,457.3721671,1
829784,1,3,1,1,60.30534351,50.35971223,63.15789474,63.63636364,58.44155844,444.379102,384.6759611,0
829784,1,2,0,0,50.35971223,60.30534351,36.84210526,45.90163934,56.4516129,384.6759611,444.379102,1
829786,0,1,0,1,51.51515152,54.83870968,66.66666667,44.92753623,43.5483871,426.8396406,203.0717666,0
829786,0,11,1,0,54.83870968,51.51515152,33.33333333,46.66666667,51.35135135,203.0717666,426.8396406,1
829788,1,7,0,0,57.14285714,42.10526316,50,44.59459459,43.42105263,326.3731769,294.7781793,0
829788,1,6,1,1,42.10526316,57.14285714,50,43.75,31.57894737,294.7781793,326.3731769,1
829790,1,2,0,1,50.35971223,47.01492537,44.44444444,45.90163934,43.5483871,747.3194097,76.32961823,0
829790,1,4,1,0,47.01492537,50.35971223,55.55555556,40.625,59.42028986,76.32961823,747.3194097,1
829792,1,5,1,0,53.38983051,54.83870968,57.14285714,53.96825397,53.7037037,295.2556631,494.074984,0
829792,1,11,0,1,54.83870968,53.38983051,42.85714286,53.33333333,48.64864865,494.074984,295.2556631,1
829794,1,3,1,1,60.30534351,57.14285714,45.45454545,63.63636364,58.44155844,253.564906,322.039535,0
829794,1,7,0,0,57.14285714,60.30534351,54.54545455,44.59459459,43.42105263,322.039535,253.564906,1
829796,1,1,0,0,51.51515152,47.01492537,68.42105263,44.92753623,56.4516129,272.6256526,450.6222706,0
829796,1,4,1,1,47.01492537,51.51515152,31.57894737,40.625,40.57971014,450.6222706,272.6256526,1
829798,0,6,0,0,42.10526316,54.83870968,37.5,56.25,68.42105263,404.3990604,184.1909579,0
829798,0,11,1,1,54.83870968,42.10526316,62.5,46.66666667,48.64864865,184.1909579,404.3990604,1
829800,1,7,0,0,57.14285714,50.35971223,57.89473684,44.59459459,43.42105263,283.0048616,757.0717483,0
829800,1,2,1,1,50.35971223,57.14285714,42.10526316,54.09836066,43.5483871,757.0717483,283.0048616,1
829802,0,3,1,1,60.30534351,53.38983051,64.70588235,63.63636364,58.44155844,490.7016882,260.7168386,0
829802,0,5,0,0,53.38983051,60.30534351,35.29411765,46.03174603,53.7037037,260.7168386,490.7016882,1
829804,1,11,1,1,54.83870968,47.01492537,75,46.66666667,48.64864865,445.6761943,383.3007427,0
829804,1,4,0,0,47.01492537,54.83870968,25,59.375,59.42028986,383.3007427,445.6761943,1
829806,1,6,0,0,42.10526316,60.30534351,31.25,56.25,68.42105263,343.5822208,202.4870744,0
829806,1,3,1,1,60.30534351,42.10526316,68.75,63.63636364,58.44155844,202.4870744,343.5822208,1
829808,1,4,0,1,47.01492537,50.35971223,55.55555556,59.375,40.57971014,305.7208034,261.7221369,0
829808,1,2,1,0,50.35971223,47.01492537,44.44444444,54.09836066,56.4516129,261.7221369,305.7208034,1
829810,1,7,0,1,57.14285714,51.51515152,72.22222222,44.59459459,56.57894737,287.8826313,275.414554,0
829810,1,1,1,0,51.51515152,57.14285714,27.77777778,55.07246377,56.4516129,275.414554,287.8826313,1
829812,1,11,1,1,54.83870968,50.35971223,55.55555556,46.66666667,48.64864865,264.6033633,268.8581906,0
829812,1,2,0,0,50.35971223,54.83870968,44.44444444,45.90163934,56.4516129,268.8581906,264.6033633,1
829814,1,4,1,1,47.01492537,60.30534351,41.17647059,40.625,40.57971014,126.2421346,387.4128907,0
829814,1,3,0,0,60.30534351,47.01492537,58.82352941,36.36363636,41.55844156,387.4128907,126.2421346,1
829816,0,5,1,1,53.38983051,51.51515152,60,53.96825397,46.2962963,631.9696993,248.1697629,0
829816,0,1,0,0,51.51515152,53.38983051,40,44.92753623,56.4516129,248.1697629,631.9696993,1
829818,1,2,1,0,50.35971223,42.10526316,58.82352941,54.09836066,56.4516129,162.7683165,301.9668538,0
829818,1,6,0,1,42.10526316,50.35971223,41.17647059,56.25,31.57894737,301.9668538,162.7683165,1
829820,0,11,1,1,54.83870968,57.14285714,50,46.66666667,48.64864865,53.41755797,431.8948348,0
829820,0,7,0,0,57.14285714,54.83870968,50,44.59459459,43.42105263,431.8948348,53.41755797,1
829822,1,3,0,0,60.30534351,57.14285714,45.45454545,36.36363636,41.55844156,247.7439238,488.3038653,0
829822,1,7,1,1,57.14285714,60.30534351,54.54545455,55.40540541,56.57894737,488.3038653,247.7439238,1
829824,1,2,1,1,50.35971223,53.38983051,50,54.09836066,43.5483871,587.0440682,163.7962417,0
829824,1,5,0,0,53.38983051,50.35971223,50,46.03174603,53.7037037,163.7962417,587.0440682,1
829826,1,3,1,0,60.30534351,50.35971223,63.15789474,63.63636364,41.55844156,330.3142086,304.9584378,0
829826,1,2,0,1,50.35971223,60.30534351,36.84210526,45.90163934,43.5483871,304.9584378,330.3142086,1
829828,1,7,0,1,57.14285714,60.30534351,54.54545455,44.59459459,56.57894737,563.6005394,257.0441308,0
829828,1,3,1,0,60.30534351,57.14285714,45.45454545,63.63636364,41.55844156,257.0441308,563.6005394,1
